participant,response,condition,f0,pc1,pc2
1,6,congruent,454.593999418035,-20,0
1,6,congruent,454.593999418035,-15,0
1,6,congruent,454.593999418035,-10,0
1,1,congruent,185.305916853689,-5,0
1,4,congruent,330.177607577543,0,0
1,1,congruent,270.303209272735,5,0
1,2,congruent,174.614115716502,10,0
1,2,congruent,225.898373346687,15,0
1,3,congruent,225.898373346687,20,0
1,1,congruent,95.2487323366731,0,-15
1,1,congruent,95.2487323366731,0,-10
1,2,congruent,134.702049069368,0,-5
1,4,congruent,330.177607577543,0,0
1,5,congruent,380.994929346692,0,5
1,5,congruent,440.734229549018,0,10
1,5,congruent,403.650066780848,0,15
1,6,incongruent,261.625565300599,-20,0
1,2,incongruent,261.625565300599,-15,0
1,2,incongruent,261.625565300599,-10,0
1,6,incongruent,659.255113825741,-5,0
1,4,incongruent,369.994422711635,0,0
1,4,incongruent,440.000000000001,5,0
1,5,incongruent,698.456462866009,10,0
1,4,incongruent,554.365261953745,15,0
1,5,incongruent,554.365261953745,20,0
1,6,incongruent,1244.50793488833,0,-15
1,6,incongruent,1244.50793488833,0,-10
1,6,incongruent,880.000000000001,0,-5
1,3,incongruent,369.994422711635,0,0
1,5,incongruent,311.126983722081,0,5
1,3,incongruent,277.182630976873,0,10
1,4,incongruent,293.664767917408,0,15
1,3,fixed,293.664767917408,-20,0
1,3,fixed,293.664767917408,-15,0
1,4,fixed,293.664767917408,-10,0
1,3,fixed,293.664767917408,-5,0
1,4,fixed,293.664767917408,0,0
1,3,fixed,293.664767917408,5,0
1,3,fixed,293.664767917408,10,0
1,4,fixed,293.664767917408,15,0
1,3,fixed,293.664767917408,20,0
1,3,fixed,293.664767917408,0,-15
1,3,fixed,293.664767917408,0,-10
1,4,fixed,293.664767917408,0,-5
1,3,fixed,293.664767917408,0,0
1,4,fixed,293.664767917408,0,5
1,4,fixed,293.664767917408,0,10
1,5,fixed,293.664767917408,0,15
2,4.75,congruent,454.593999418035,-20,0
2,4.75,congruent,454.593999418035,-15,0
2,4.75,congruent,454.593999418035,-10,0
2,4.75,congruent,185.305916853689,-5,0
2,2.25,congruent,330.177607577543,0,0
2,2.25,congruent,270.303209272735,5,0
2,1,congruent,174.614115716502,10,0
2,2.25,congruent,225.898373346687,15,0
2,1,congruent,225.898373346687,20,0
2,4.75,congruent,95.2487323366731,0,-15
2,4.75,congruent,95.2487323366731,0,-10
2,3.5,congruent,134.702049069368,0,-5
2,3.5,congruent,330.177607577543,0,0
2,4.75,congruent,380.994929346692,0,5
2,3.5,congruent,440.734229549018,0,10
2,4.75,congruent,403.650066780848,0,15
2,4.75,incongruent,261.625565300599,-20,0
2,4.75,incongruent,261.625565300599,-15,0
2,4.75,incongruent,261.625565300599,-10,0
2,3.5,incongruent,659.255113825741,-5,0
2,2.25,incongruent,369.994422711635,0,0
2,3.5,incongruent,440.000000000001,5,0
2,2.25,incongruent,698.456462866009,10,0
2,2.25,incongruent,554.365261953745,15,0
2,2.25,incongruent,554.365261953745,20,0
2,3.5,incongruent,1244.50793488833,0,-15
2,3.5,incongruent,1244.50793488833,0,-10
2,4.75,incongruent,880.000000000001,0,-5
2,2.25,incongruent,369.994422711635,0,0
2,3.5,incongruent,311.126983722081,0,5
2,4.75,incongruent,277.182630976873,0,10
2,3.5,incongruent,293.664767917408,0,15
2,6,fixed,293.664767917408,-20,0
2,4.75,fixed,293.664767917408,-15,0
2,4.75,fixed,293.664767917408,-10,0
2,2.25,fixed,293.664767917408,-5,0
2,2.25,fixed,293.664767917408,0,0
2,1,fixed,293.664767917408,5,0
2,1,fixed,293.664767917408,10,0
2,1,fixed,293.664767917408,15,0
2,2.25,fixed,293.664767917408,20,0
2,3.5,fixed,293.664767917408,0,-15
2,3.5,fixed,293.664767917408,0,-10
2,3.5,fixed,293.664767917408,0,-5
2,2.25,fixed,293.664767917408,0,0
2,3.5,fixed,293.664767917408,0,5
2,3.5,fixed,293.664767917408,0,10
2,4.75,fixed,293.664767917408,0,15
3,4.75,congruent,454.593999418035,-20,0
3,4.75,congruent,454.593999418035,-15,0
3,3.5,congruent,454.593999418035,-10,0
3,2.25,congruent,185.305916853689,-5,0
3,3.5,congruent,330.177607577543,0,0
3,3.5,congruent,270.303209272735,5,0
3,2.25,congruent,174.614115716502,10,0
3,2.25,congruent,225.898373346687,15,0
3,2.25,congruent,225.898373346687,20,0
3,1,congruent,95.2487323366731,0,-15
3,1,congruent,95.2487323366731,0,-10
3,1,congruent,134.702049069368,0,-5
3,3.5,congruent,330.177607577543,0,0
3,3.5,congruent,380.994929346692,0,5
3,4.75,congruent,440.734229549018,0,10
3,6,congruent,403.650066780848,0,15
3,4.75,incongruent,261.625565300599,-20,0
3,4.75,incongruent,261.625565300599,-15,0
3,4.75,incongruent,261.625565300599,-10,0
3,4.75,incongruent,659.255113825741,-5,0
3,3.5,incongruent,369.994422711635,0,0
3,3.5,incongruent,440.000000000001,5,0
3,4.75,incongruent,698.456462866009,10,0
3,4.75,incongruent,554.365261953745,15,0
3,4.75,incongruent,554.365261953745,20,0
3,6,incongruent,1244.50793488833,0,-15
3,6,incongruent,1244.50793488833,0,-10
3,6,incongruent,880.000000000001,0,-5
3,2.25,incongruent,369.994422711635,0,0
3,3.5,incongruent,311.126983722081,0,5
3,2.25,incongruent,277.182630976873,0,10
3,3.5,incongruent,293.664767917408,0,15
3,4.75,fixed,293.664767917408,-20,0
3,4.75,fixed,293.664767917408,-15,0
3,4.75,fixed,293.664767917408,-10,0
3,4.75,fixed,293.664767917408,-5,0
3,3.5,fixed,293.664767917408,0,0
3,2.25,fixed,293.664767917408,5,0
3,2.25,fixed,293.664767917408,10,0
3,2.25,fixed,293.664767917408,15,0
3,2.25,fixed,293.664767917408,20,0
3,3.5,fixed,293.664767917408,0,-15
3,2.25,fixed,293.664767917408,0,-10
3,3.5,fixed,293.664767917408,0,-5
3,3.5,fixed,293.664767917408,0,0
3,3.5,fixed,293.664767917408,0,5
3,2.25,fixed,293.664767917408,0,10
3,4.75,fixed,293.664767917408,0,15
4,5,congruent,454.593999418035,-20,0
4,5,congruent,454.593999418035,-15,0
4,5,congruent,454.593999418035,-10,0
4,3,congruent,185.305916853689,-5,0
4,4,congruent,330.177607577543,0,0
4,4,congruent,270.303209272735,5,0
4,1,congruent,174.614115716502,10,0
4,1,congruent,225.898373346687,15,0
4,2,congruent,225.898373346687,20,0
4,1,congruent,95.2487323366731,0,-15
4,2,congruent,95.2487323366731,0,-10
4,2,congruent,134.702049069368,0,-5
4,4,congruent,330.177607577543,0,0
4,4,congruent,380.994929346692,0,5
4,5,congruent,440.734229549018,0,10
4,5,congruent,403.650066780848,0,15
4,2,incongruent,261.625565300599,-20,0
4,4,incongruent,261.625565300599,-15,0
4,4,incongruent,261.625565300599,-10,0
4,4,incongruent,659.255113825741,-5,0
4,4,incongruent,369.994422711635,0,0
4,4,incongruent,440.000000000001,5,0
4,5,incongruent,698.456462866009,10,0
4,6,incongruent,554.365261953745,15,0
4,3,incongruent,554.365261953745,20,0
4,6,incongruent,1244.50793488833,0,-15
4,6,incongruent,1244.50793488833,0,-10
4,6,incongruent,880.000000000001,0,-5
4,3,incongruent,369.994422711635,0,0
4,3,incongruent,311.126983722081,0,5
4,3,incongruent,277.182630976873,0,10
4,2,incongruent,293.664767917408,0,15
4,2,fixed,293.664767917408,-20,0
4,3,fixed,293.664767917408,-15,0
4,5,fixed,293.664767917408,-10,0
4,3,fixed,293.664767917408,-5,0
4,3,fixed,293.664767917408,0,0
4,2,fixed,293.664767917408,5,0
4,2,fixed,293.664767917408,10,0
4,4,fixed,293.664767917408,15,0
4,4,fixed,293.664767917408,20,0
4,3,fixed,293.664767917408,0,-15
4,4,fixed,293.664767917408,0,-10
4,3,fixed,293.664767917408,0,-5
4,2,fixed,293.664767917408,0,0
4,4,fixed,293.664767917408,0,5
4,3,fixed,293.664767917408,0,10
4,5,fixed,293.664767917408,0,15
5,4,congruent,454.593999418035,-20,0
5,5,congruent,454.593999418035,-15,0
5,4,congruent,454.593999418035,-10,0
5,2,congruent,185.305916853689,-5,0
5,3,congruent,330.177607577543,0,0
5,2,congruent,270.303209272735,5,0
5,2,congruent,174.614115716502,10,0
5,3,congruent,225.898373346687,15,0
5,2,congruent,225.898373346687,20,0
5,1,congruent,95.2487323366731,0,-15
5,2,congruent,95.2487323366731,0,-10
5,1,congruent,134.702049069368,0,-5
5,3,congruent,330.177607577543,0,0
5,2,congruent,380.994929346692,0,5
5,3,congruent,440.734229549018,0,10
5,4,congruent,403.650066780848,0,15
5,1,incongruent,261.625565300599,-20,0
5,3,incongruent,261.625565300599,-15,0
5,2,incongruent,261.625565300599,-10,0
5,4,incongruent,659.255113825741,-5,0
5,3,incongruent,369.994422711635,0,0
5,3,incongruent,440.000000000001,5,0
5,3,incongruent,698.456462866009,10,0
5,4,incongruent,554.365261953745,15,0
5,3,incongruent,554.365261953745,20,0
5,6,incongruent,1244.50793488833,0,-15
5,5,incongruent,1244.50793488833,0,-10
5,5,incongruent,880.000000000001,0,-5
5,2,incongruent,369.994422711635,0,0
5,3,incongruent,311.126983722081,0,5
5,1,incongruent,277.182630976873,0,10
5,2,incongruent,293.664767917408,0,15
5,1,fixed,293.664767917408,-20,0
5,1,fixed,293.664767917408,-15,0
5,1,fixed,293.664767917408,-10,0
5,1,fixed,293.664767917408,-5,0
5,1,fixed,293.664767917408,0,0
5,1,fixed,293.664767917408,5,0
5,2,fixed,293.664767917408,10,0
5,2,fixed,293.664767917408,15,0
5,2,fixed,293.664767917408,20,0
5,1,fixed,293.664767917408,0,-15
5,1,fixed,293.664767917408,0,-10
5,1,fixed,293.664767917408,0,-5
5,1,fixed,293.664767917408,0,0
5,2,fixed,293.664767917408,0,5
5,1,fixed,293.664767917408,0,10
5,2,fixed,293.664767917408,0,15
6,5,congruent,454.593999418035,-20,0
6,5,congruent,454.593999418035,-15,0
6,5,congruent,454.593999418035,-10,0
6,5,congruent,185.305916853689,-5,0
6,3,congruent,330.177607577543,0,0
6,2,congruent,270.303209272735,5,0
6,2,congruent,174.614115716502,10,0
6,1,congruent,225.898373346687,15,0
6,1,congruent,225.898373346687,20,0
6,6,congruent,95.2487323366731,0,-15
6,6,congruent,95.2487323366731,0,-10
6,5,congruent,134.702049069368,0,-5
6,2,congruent,330.177607577543,0,0
6,4,congruent,380.994929346692,0,5
6,6,congruent,440.734229549018,0,10
6,6,congruent,403.650066780848,0,15
6,3,incongruent,261.625565300599,-20,0
6,5,incongruent,261.625565300599,-15,0
6,5,incongruent,261.625565300599,-10,0
6,4,incongruent,659.255113825741,-5,0
6,3,incongruent,369.994422711635,0,0
6,1,incongruent,440.000000000001,5,0
6,2,incongruent,698.456462866009,10,0
6,1,incongruent,554.365261953745,15,0
6,2,incongruent,554.365261953745,20,0
6,3,incongruent,1244.50793488833,0,-15
6,1,incongruent,1244.50793488833,0,-10
6,3,incongruent,880.000000000001,0,-5
6,3,incongruent,369.994422711635,0,0
6,4,incongruent,311.126983722081,0,5
6,3,incongruent,277.182630976873,0,10
6,5,incongruent,293.664767917408,0,15
6,5,fixed,293.664767917408,-20,0
6,5,fixed,293.664767917408,-15,0
6,5,fixed,293.664767917408,-10,0
6,4,fixed,293.664767917408,-5,0
6,2,fixed,293.664767917408,0,0
6,2,fixed,293.664767917408,5,0
6,2,fixed,293.664767917408,10,0
6,2,fixed,293.664767917408,15,0
6,1,fixed,293.664767917408,20,0
6,3,fixed,293.664767917408,0,-15
6,3,fixed,293.664767917408,0,-10
6,5,fixed,293.664767917408,0,-5
6,4,fixed,293.664767917408,0,0
6,3,fixed,293.664767917408,0,5
6,4,fixed,293.664767917408,0,10
6,4,fixed,293.664767917408,0,15
7,4,congruent,454.593999418035,-20,0
7,5,congruent,454.593999418035,-15,0
7,3,congruent,454.593999418035,-10,0
7,1,congruent,185.305916853689,-5,0
7,2,congruent,330.177607577543,0,0
7,3,congruent,270.303209272735,5,0
7,1,congruent,174.614115716502,10,0
7,2,congruent,225.898373346687,15,0
7,2,congruent,225.898373346687,20,0
7,2,congruent,95.2487323366731,0,-15
7,1,congruent,95.2487323366731,0,-10
7,1,congruent,134.702049069368,0,-5
7,2,congruent,330.177607577543,0,0
7,4,congruent,380.994929346692,0,5
7,5,congruent,440.734229549018,0,10
7,4,congruent,403.650066780848,0,15
7,4,incongruent,261.625565300599,-20,0
7,5,incongruent,261.625565300599,-15,0
7,5,incongruent,261.625565300599,-10,0
7,6,incongruent,659.255113825741,-5,0
7,4,incongruent,369.994422711635,0,0
7,5,incongruent,440.000000000001,5,0
7,6,incongruent,698.456462866009,10,0
7,6,incongruent,554.365261953745,15,0
7,6,incongruent,554.365261953745,20,0
7,6,incongruent,1244.50793488833,0,-15
7,6,incongruent,1244.50793488833,0,-10
7,6,incongruent,880.000000000001,0,-5
7,4,incongruent,369.994422711635,0,0
7,2,incongruent,311.126983722081,0,5
7,3,incongruent,277.182630976873,0,10
7,2,incongruent,293.664767917408,0,15
7,5,fixed,293.664767917408,-20,0
7,4,fixed,293.664767917408,-15,0
7,4,fixed,293.664767917408,-10,0
7,4,fixed,293.664767917408,-5,0
7,3,fixed,293.664767917408,0,0
7,2,fixed,293.664767917408,5,0
7,2,fixed,293.664767917408,10,0
7,2,fixed,293.664767917408,15,0
7,2,fixed,293.664767917408,20,0
7,3,fixed,293.664767917408,0,-15
7,2,fixed,293.664767917408,0,-10
7,3,fixed,293.664767917408,0,-5
7,3,fixed,293.664767917408,0,0
7,2,fixed,293.664767917408,0,5
7,4,fixed,293.664767917408,0,10
7,4,fixed,293.664767917408,0,15
8,4,congruent,454.593999418035,-20,0
8,5,congruent,454.593999418035,-15,0
8,3,congruent,454.593999418035,-10,0
8,2,congruent,185.305916853689,-5,0
8,5,congruent,330.177607577543,0,0
8,1,congruent,270.303209272735,5,0
8,2,congruent,174.614115716502,10,0
8,2,congruent,225.898373346687,15,0
8,4,congruent,225.898373346687,20,0
8,1,congruent,95.2487323366731,0,-15
8,1,congruent,95.2487323366731,0,-10
8,2,congruent,134.702049069368,0,-5
8,4,congruent,330.177607577543,0,0
8,5,congruent,380.994929346692,0,5
8,5,congruent,440.734229549018,0,10
8,5,congruent,403.650066780848,0,15
8,5,incongruent,261.625565300599,-20,0
8,3,incongruent,261.625565300599,-15,0
8,4,incongruent,261.625565300599,-10,0
8,6,incongruent,659.255113825741,-5,0
8,5,incongruent,369.994422711635,0,0
8,3,incongruent,440.000000000001,5,0
8,4,incongruent,698.456462866009,10,0
8,5,incongruent,554.365261953745,15,0
8,4,incongruent,554.365261953745,20,0
8,5,incongruent,1244.50793488833,0,-15
8,6,incongruent,1244.50793488833,0,-10
8,5,incongruent,880.000000000001,0,-5
8,4,incongruent,369.994422711635,0,0
8,4,incongruent,311.126983722081,0,5
8,3,incongruent,277.182630976873,0,10
8,3,incongruent,293.664767917408,0,15
8,3,fixed,293.664767917408,-20,0
8,5,fixed,293.664767917408,-15,0
8,4,fixed,293.664767917408,-10,0
8,2,fixed,293.664767917408,-5,0
8,3,fixed,293.664767917408,0,0
8,3,fixed,293.664767917408,5,0
8,4,fixed,293.664767917408,10,0
8,4,fixed,293.664767917408,15,0
8,2,fixed,293.664767917408,20,0
8,3,fixed,293.664767917408,0,-15
8,3,fixed,293.664767917408,0,-10
8,3,fixed,293.664767917408,0,-5
8,3,fixed,293.664767917408,0,0
8,4,fixed,293.664767917408,0,5
8,3,fixed,293.664767917408,0,10
8,4,fixed,293.664767917408,0,15
9,4,congruent,454.593999418035,-20,0
9,5,congruent,454.593999418035,-15,0
9,5,congruent,454.593999418035,-10,0
9,3,congruent,185.305916853689,-5,0
9,5,congruent,330.177607577543,0,0
9,3,congruent,270.303209272735,5,0
9,2,congruent,174.614115716502,10,0
9,3,congruent,225.898373346687,15,0
9,2,congruent,225.898373346687,20,0
9,1,congruent,95.2487323366731,0,-15
9,1,congruent,95.2487323366731,0,-10
9,1,congruent,134.702049069368,0,-5
9,4,congruent,330.177607577543,0,0
9,4,congruent,380.994929346692,0,5
9,6,congruent,440.734229549018,0,10
9,5,congruent,403.650066780848,0,15
9,2,incongruent,261.625565300599,-20,0
9,4,incongruent,261.625565300599,-15,0
9,2,incongruent,261.625565300599,-10,0
9,5,incongruent,659.255113825741,-5,0
9,4,incongruent,369.994422711635,0,0
9,5,incongruent,440.000000000001,5,0
9,6,incongruent,698.456462866009,10,0
9,4,incongruent,554.365261953745,15,0
9,6,incongruent,554.365261953745,20,0
9,6,incongruent,1244.50793488833,0,-15
9,6,incongruent,1244.50793488833,0,-10
9,6,incongruent,880.000000000001,0,-5
9,4,incongruent,369.994422711635,0,0
9,4,incongruent,311.126983722081,0,5
9,4,incongruent,277.182630976873,0,10
9,3,incongruent,293.664767917408,0,15
9,4,fixed,293.664767917408,-20,0
9,4,fixed,293.664767917408,-15,0
9,4,fixed,293.664767917408,-10,0
9,3,fixed,293.664767917408,-5,0
9,4,fixed,293.664767917408,0,0
9,2,fixed,293.664767917408,5,0
9,3,fixed,293.664767917408,10,0
9,4,fixed,293.664767917408,15,0
9,3,fixed,293.664767917408,20,0
9,2,fixed,293.664767917408,0,-15
9,2,fixed,293.664767917408,0,-10
9,3,fixed,293.664767917408,0,-5
9,2,fixed,293.664767917408,0,0
9,3,fixed,293.664767917408,0,5
9,3,fixed,293.664767917408,0,10
9,4,fixed,293.664767917408,0,15
10,5,congruent,454.593999418035,-20,0
10,5,congruent,454.593999418035,-15,0
10,5,congruent,454.593999418035,-10,0
10,3,congruent,185.305916853689,-5,0
10,4,congruent,330.177607577543,0,0
10,2,congruent,270.303209272735,5,0
10,1,congruent,174.614115716502,10,0
10,1,congruent,225.898373346687,15,0
10,2,congruent,225.898373346687,20,0
10,3,congruent,95.2487323366731,0,-15
10,3,congruent,95.2487323366731,0,-10
10,3,congruent,134.702049069368,0,-5
10,4,congruent,330.177607577543,0,0
10,4,congruent,380.994929346692,0,5
10,5,congruent,440.734229549018,0,10
10,5,congruent,403.650066780848,0,15
10,4,incongruent,261.625565300599,-20,0
10,4,incongruent,261.625565300599,-15,0
10,4,incongruent,261.625565300599,-10,0
10,5,incongruent,659.255113825741,-5,0
10,4,incongruent,369.994422711635,0,0
10,4,incongruent,440.000000000001,5,0
10,4,incongruent,698.456462866009,10,0
10,4,incongruent,554.365261953745,15,0
10,4,incongruent,554.365261953745,20,0
10,6,incongruent,1244.50793488833,0,-15
10,6,incongruent,1244.50793488833,0,-10
10,5,incongruent,880.000000000001,0,-5
10,2,incongruent,369.994422711635,0,0
10,3,incongruent,311.126983722081,0,5
10,3,incongruent,277.182630976873,0,10
10,4,incongruent,293.664767917408,0,15
10,4,fixed,293.664767917408,-20,0
10,4,fixed,293.664767917408,-15,0
10,5,fixed,293.664767917408,-10,0
10,3,fixed,293.664767917408,-5,0
10,3,fixed,293.664767917408,0,0
10,2,fixed,293.664767917408,5,0
10,2,fixed,293.664767917408,10,0
10,2,fixed,293.664767917408,15,0
10,2,fixed,293.664767917408,20,0
10,4,fixed,293.664767917408,0,-15
10,4,fixed,293.664767917408,0,-10
10,3,fixed,293.664767917408,0,-5
10,2,fixed,293.664767917408,0,0
10,3,fixed,293.664767917408,0,5
10,3,fixed,293.664767917408,0,10
10,4,fixed,293.664767917408,0,15
11,4,congruent,454.593999418035,-20,0
11,4,congruent,454.593999418035,-15,0
11,3,congruent,454.593999418035,-10,0
11,3,congruent,185.305916853689,-5,0
11,4,congruent,330.177607577543,0,0
11,3,congruent,270.303209272735,5,0
11,3,congruent,174.614115716502,10,0
11,1,congruent,225.898373346687,15,0
11,1,congruent,225.898373346687,20,0
11,2,congruent,95.2487323366731,0,-15
11,3,congruent,95.2487323366731,0,-10
11,3,congruent,134.702049069368,0,-5
11,4,congruent,330.177607577543,0,0
11,3,congruent,380.994929346692,0,5
11,6,congruent,440.734229549018,0,10
11,5,congruent,403.650066780848,0,15
11,4,incongruent,261.625565300599,-20,0
11,3,incongruent,261.625565300599,-15,0
11,3,incongruent,261.625565300599,-10,0
11,5,incongruent,659.255113825741,-5,0
11,5,incongruent,369.994422711635,0,0
11,2,incongruent,440.000000000001,5,0
11,6,incongruent,698.456462866009,10,0
11,5,incongruent,554.365261953745,15,0
11,5,incongruent,554.365261953745,20,0
11,6,incongruent,1244.50793488833,0,-15
11,6,incongruent,1244.50793488833,0,-10
11,6,incongruent,880.000000000001,0,-5
11,5,incongruent,369.994422711635,0,0
11,4,incongruent,311.126983722081,0,5
11,4,incongruent,277.182630976873,0,10
11,4,incongruent,293.664767917408,0,15
11,4,fixed,293.664767917408,-20,0
11,3,fixed,293.664767917408,-15,0
11,4,fixed,293.664767917408,-10,0
11,4,fixed,293.664767917408,-5,0
11,1,fixed,293.664767917408,0,0
11,3,fixed,293.664767917408,5,0
11,2,fixed,293.664767917408,10,0
11,2,fixed,293.664767917408,15,0
11,2,fixed,293.664767917408,20,0
11,2,fixed,293.664767917408,0,-15
11,2,fixed,293.664767917408,0,-10
11,3,fixed,293.664767917408,0,-5
11,3,fixed,293.664767917408,0,0
11,3,fixed,293.664767917408,0,5
11,3,fixed,293.664767917408,0,10
11,5,fixed,293.664767917408,0,15
12,6,congruent,454.593999418035,-20,0
12,5,congruent,454.593999418035,-15,0
12,4,congruent,454.593999418035,-10,0
12,4,congruent,185.305916853689,-5,0
12,4,congruent,330.177607577543,0,0
12,2,congruent,270.303209272735,5,0
12,2,congruent,174.614115716502,10,0
12,2,congruent,225.898373346687,15,0
12,1,congruent,225.898373346687,20,0
12,5,congruent,95.2487323366731,0,-15
12,5,congruent,95.2487323366731,0,-10
12,3,congruent,134.702049069368,0,-5
12,4,congruent,330.177607577543,0,0
12,4,congruent,380.994929346692,0,5
12,5,congruent,440.734229549018,0,10
12,6,congruent,403.650066780848,0,15
12,6,incongruent,261.625565300599,-20,0
12,6,incongruent,261.625565300599,-15,0
12,5,incongruent,261.625565300599,-10,0
12,4,incongruent,659.255113825741,-5,0
12,4,incongruent,369.994422711635,0,0
12,3,incongruent,440.000000000001,5,0
12,4,incongruent,698.456462866009,10,0
12,4,incongruent,554.365261953745,15,0
12,4,incongruent,554.365261953745,20,0
12,2,incongruent,1244.50793488833,0,-15
12,4,incongruent,1244.50793488833,0,-10
12,3,incongruent,880.000000000001,0,-5
12,4,incongruent,369.994422711635,0,0
12,3,incongruent,311.126983722081,0,5
12,5,incongruent,277.182630976873,0,10
12,5,incongruent,293.664767917408,0,15
12,6,fixed,293.664767917408,-20,0
12,6,fixed,293.664767917408,-15,0
12,5,fixed,293.664767917408,-10,0
12,5,fixed,293.664767917408,-5,0
12,3,fixed,293.664767917408,0,0
12,2,fixed,293.664767917408,5,0
12,1,fixed,293.664767917408,10,0
12,1,fixed,293.664767917408,15,0
12,2,fixed,293.664767917408,20,0
12,4,fixed,293.664767917408,0,-15
12,3,fixed,293.664767917408,0,-10
12,3,fixed,293.664767917408,0,-5
12,2,fixed,293.664767917408,0,0
12,3,fixed,293.664767917408,0,5
12,4,fixed,293.664767917408,0,10
12,4,fixed,293.664767917408,0,15
13,6,congruent,454.593999418035,-20,0
13,6,congruent,454.593999418035,-15,0
13,6,congruent,454.593999418035,-10,0
13,4,congruent,185.305916853689,-5,0
13,4,congruent,330.177607577543,0,0
13,5,congruent,270.303209272735,5,0
13,2,congruent,174.614115716502,10,0
13,1,congruent,225.898373346687,15,0
13,2,congruent,225.898373346687,20,0
13,3,congruent,95.2487323366731,0,-15
13,2,congruent,95.2487323366731,0,-10
13,2,congruent,134.702049069368,0,-5
13,4,congruent,330.177607577543,0,0
13,4,congruent,380.994929346692,0,5
13,5,congruent,440.734229549018,0,10
13,5,congruent,403.650066780848,0,15
13,6,incongruent,261.625565300599,-20,0
13,6,incongruent,261.625565300599,-15,0
13,4,incongruent,261.625565300599,-10,0
13,6,incongruent,659.255113825741,-5,0
13,4,incongruent,369.994422711635,0,0
13,5,incongruent,440.000000000001,5,0
13,6,incongruent,698.456462866009,10,0
13,4,incongruent,554.365261953745,15,0
13,4,incongruent,554.365261953745,20,0
13,6,incongruent,1244.50793488833,0,-15
13,5,incongruent,1244.50793488833,0,-10
13,6,incongruent,880.000000000001,0,-5
13,2,incongruent,369.994422711635,0,0
13,3,incongruent,311.126983722081,0,5
13,3,incongruent,277.182630976873,0,10
13,4,incongruent,293.664767917408,0,15
13,6,fixed,293.664767917408,-20,0
13,6,fixed,293.664767917408,-15,0
13,5,fixed,293.664767917408,-10,0
13,6,fixed,293.664767917408,-5,0
13,4,fixed,293.664767917408,0,0
13,2,fixed,293.664767917408,5,0
13,2,fixed,293.664767917408,10,0
13,3,fixed,293.664767917408,15,0
13,3,fixed,293.664767917408,20,0
13,4,fixed,293.664767917408,0,-15
13,4,fixed,293.664767917408,0,-10
13,4,fixed,293.664767917408,0,-5
13,3,fixed,293.664767917408,0,0
13,4,fixed,293.664767917408,0,5
13,5,fixed,293.664767917408,0,10
13,3,fixed,293.664767917408,0,15
14,4,congruent,454.593999418035,-20,0
14,6,congruent,454.593999418035,-15,0
14,3,congruent,454.593999418035,-10,0
14,2,congruent,185.305916853689,-5,0
14,6,congruent,330.177607577543,0,0
14,3,congruent,270.303209272735,5,0
14,4,congruent,174.614115716502,10,0
14,3,congruent,225.898373346687,15,0
14,4,congruent,225.898373346687,20,0
14,2,congruent,95.2487323366731,0,-15
14,1,congruent,95.2487323366731,0,-10
14,2,congruent,134.702049069368,0,-5
14,5,congruent,330.177607577543,0,0
14,6,congruent,380.994929346692,0,5
14,5,congruent,440.734229549018,0,10
14,3,congruent,403.650066780848,0,15
14,3,incongruent,261.625565300599,-20,0
14,2,incongruent,261.625565300599,-15,0
14,3,incongruent,261.625565300599,-10,0
14,5,incongruent,659.255113825741,-5,0
14,5,incongruent,369.994422711635,0,0
14,5,incongruent,440.000000000001,5,0
14,5,incongruent,698.456462866009,10,0
14,6,incongruent,554.365261953745,15,0
14,6,incongruent,554.365261953745,20,0
14,6,incongruent,1244.50793488833,0,-15
14,6,incongruent,1244.50793488833,0,-10
14,4,incongruent,880.000000000001,0,-5
14,5,incongruent,369.994422711635,0,0
14,2,incongruent,311.126983722081,0,5
14,3,incongruent,277.182630976873,0,10
14,2,incongruent,293.664767917408,0,15
14,3,fixed,293.664767917408,-20,0
14,2,fixed,293.664767917408,-15,0
14,3,fixed,293.664767917408,-10,0
14,4,fixed,293.664767917408,-5,0
14,5,fixed,293.664767917408,0,0
14,5,fixed,293.664767917408,5,0
14,4,fixed,293.664767917408,10,0
14,5,fixed,293.664767917408,15,0
14,4,fixed,293.664767917408,20,0
14,4,fixed,293.664767917408,0,-15
14,4,fixed,293.664767917408,0,-10
14,5,fixed,293.664767917408,0,-5
14,5,fixed,293.664767917408,0,0
14,5,fixed,293.664767917408,0,5
14,3,fixed,293.664767917408,0,10
14,2,fixed,293.664767917408,0,15
15,6,congruent,454.593999418035,-20,0
15,5,congruent,454.593999418035,-15,0
15,5,congruent,454.593999418035,-10,0
15,2,congruent,185.305916853689,-5,0
15,3,congruent,330.177607577543,0,0
15,3,congruent,270.303209272735,5,0
15,3,congruent,174.614115716502,10,0
15,3,congruent,225.898373346687,15,0
15,3,congruent,225.898373346687,20,0
15,2,congruent,95.2487323366731,0,-15
15,2,congruent,95.2487323366731,0,-10
15,1,congruent,134.702049069368,0,-5
15,4,congruent,330.177607577543,0,0
15,5,congruent,380.994929346692,0,5
15,5,congruent,440.734229549018,0,10
15,6,congruent,403.650066780848,0,15
15,3,incongruent,261.625565300599,-20,0
15,3,incongruent,261.625565300599,-15,0
15,4,incongruent,261.625565300599,-10,0
15,5,incongruent,659.255113825741,-5,0
15,4,incongruent,369.994422711635,0,0
15,3,incongruent,440.000000000001,5,0
15,5,incongruent,698.456462866009,10,0
15,4,incongruent,554.365261953745,15,0
15,4,incongruent,554.365261953745,20,0
15,6,incongruent,1244.50793488833,0,-15
15,6,incongruent,1244.50793488833,0,-10
15,6,incongruent,880.000000000001,0,-5
15,4,incongruent,369.994422711635,0,0
15,3,incongruent,311.126983722081,0,5
15,3,incongruent,277.182630976873,0,10
15,4,incongruent,293.664767917408,0,15
15,2,fixed,293.664767917408,-20,0
15,5,fixed,293.664767917408,-15,0
15,2,fixed,293.664767917408,-10,0
15,2,fixed,293.664767917408,-5,0
15,2,fixed,293.664767917408,0,0
15,3,fixed,293.664767917408,5,0
15,3,fixed,293.664767917408,10,0
15,3,fixed,293.664767917408,15,0
15,3,fixed,293.664767917408,20,0
15,2,fixed,293.664767917408,0,-15
15,2,fixed,293.664767917408,0,-10
15,2,fixed,293.664767917408,0,-5
15,4,fixed,293.664767917408,0,0
15,3,fixed,293.664767917408,0,5
15,3,fixed,293.664767917408,0,10
15,5,fixed,293.664767917408,0,15
16,6,congruent,454.593999418035,-20,0
16,4,congruent,454.593999418035,-15,0
16,5,congruent,454.593999418035,-10,0
16,2,congruent,185.305916853689,-5,0
16,4,congruent,330.177607577543,0,0
16,3,congruent,270.303209272735,5,0
16,1,congruent,174.614115716502,10,0
16,2,congruent,225.898373346687,15,0
16,2,congruent,225.898373346687,20,0
16,4,congruent,95.2487323366731,0,-15
16,2,congruent,95.2487323366731,0,-10
16,2,congruent,134.702049069368,0,-5
16,4,congruent,330.177607577543,0,0
16,4,congruent,380.994929346692,0,5
16,4,congruent,440.734229549018,0,10
16,5,congruent,403.650066780848,0,15
16,4,incongruent,261.625565300599,-20,0
16,4,incongruent,261.625565300599,-15,0
16,5,incongruent,261.625565300599,-10,0
16,6,incongruent,659.255113825741,-5,0
16,4,incongruent,369.994422711635,0,0
16,3,incongruent,440.000000000001,5,0
16,5,incongruent,698.456462866009,10,0
16,3,incongruent,554.365261953745,15,0
16,5,incongruent,554.365261953745,20,0
16,5,incongruent,1244.50793488833,0,-15
16,5,incongruent,1244.50793488833,0,-10
16,6,incongruent,880.000000000001,0,-5
16,5,incongruent,369.994422711635,0,0
16,3,incongruent,311.126983722081,0,5
16,3,incongruent,277.182630976873,0,10
16,4,incongruent,293.664767917408,0,15
16,5,fixed,293.664767917408,-20,0
16,6,fixed,293.664767917408,-15,0
16,6,fixed,293.664767917408,-10,0
16,4,fixed,293.664767917408,-5,0
16,4,fixed,293.664767917408,0,0
16,2,fixed,293.664767917408,5,0
16,2,fixed,293.664767917408,10,0
16,3,fixed,293.664767917408,15,0
16,3,fixed,293.664767917408,20,0
16,4,fixed,293.664767917408,0,-15
16,4,fixed,293.664767917408,0,-10
16,4,fixed,293.664767917408,0,-5
16,5,fixed,293.664767917408,0,0
16,3,fixed,293.664767917408,0,5
16,3,fixed,293.664767917408,0,10
16,3,fixed,293.664767917408,0,15
17,6,congruent,454.593999418035,-20,0
17,5,congruent,454.593999418035,-15,0
17,5,congruent,454.593999418035,-10,0
17,5,congruent,185.305916853689,-5,0
17,2,congruent,330.177607577543,0,0
17,2,congruent,270.303209272735,5,0
17,1,congruent,174.614115716502,10,0
17,1,congruent,225.898373346687,15,0
17,1,congruent,225.898373346687,20,0
17,6,congruent,95.2487323366731,0,-15
17,6,congruent,95.2487323366731,0,-10
17,5,congruent,134.702049069368,0,-5
17,2,congruent,330.177607577543,0,0
17,5,congruent,380.994929346692,0,5
17,5,congruent,440.734229549018,0,10
17,5,congruent,403.650066780848,0,15
17,6,incongruent,261.625565300599,-20,0
17,5,incongruent,261.625565300599,-15,0
17,5,incongruent,261.625565300599,-10,0
17,5,incongruent,659.255113825741,-5,0
17,5,incongruent,369.994422711635,0,0
17,2,incongruent,440.000000000001,5,0
17,3,incongruent,698.456462866009,10,0
17,3,incongruent,554.365261953745,15,0
17,3,incongruent,554.365261953745,20,0
17,3,incongruent,1244.50793488833,0,-15
17,4,incongruent,1244.50793488833,0,-10
17,5,incongruent,880.000000000001,0,-5
17,3,incongruent,369.994422711635,0,0
17,3,incongruent,311.126983722081,0,5
17,2,incongruent,277.182630976873,0,10
17,3,incongruent,293.664767917408,0,15
17,6,fixed,293.664767917408,-20,0
17,6,fixed,293.664767917408,-15,0
17,6,fixed,293.664767917408,-10,0
17,5,fixed,293.664767917408,-5,0
17,1,fixed,293.664767917408,0,0
17,1,fixed,293.664767917408,5,0
17,1,fixed,293.664767917408,10,0
17,2,fixed,293.664767917408,15,0
17,1,fixed,293.664767917408,20,0
17,5,fixed,293.664767917408,0,-15
17,4,fixed,293.664767917408,0,-10
17,2,fixed,293.664767917408,0,-5
17,2,fixed,293.664767917408,0,0
17,2,fixed,293.664767917408,0,5
17,3,fixed,293.664767917408,0,10
17,3,fixed,293.664767917408,0,15
18,1,congruent,454.593999418035,-20,0
18,2,congruent,454.593999418035,-15,0
18,3,congruent,454.593999418035,-10,0
18,5,congruent,185.305916853689,-5,0
18,5,congruent,330.177607577543,0,0
18,4,congruent,270.303209272735,5,0
18,3,congruent,174.614115716502,10,0
18,3,congruent,225.898373346687,15,0
18,3,congruent,225.898373346687,20,0
18,6,congruent,95.2487323366731,0,-15
18,6,congruent,95.2487323366731,0,-10
18,6,congruent,134.702049069368,0,-5
18,5,congruent,330.177607577543,0,0
18,2,congruent,380.994929346692,0,5
18,4,congruent,440.734229549018,0,10
18,2,congruent,403.650066780848,0,15
18,1,incongruent,261.625565300599,-20,0
18,2,incongruent,261.625565300599,-15,0
18,2,incongruent,261.625565300599,-10,0
18,6,incongruent,659.255113825741,-5,0
18,5,incongruent,369.994422711635,0,0
18,5,incongruent,440.000000000001,5,0
18,4,incongruent,698.456462866009,10,0
18,3,incongruent,554.365261953745,15,0
18,3,incongruent,554.365261953745,20,0
18,2,incongruent,1244.50793488833,0,-15
18,4,incongruent,1244.50793488833,0,-10
18,4,incongruent,880.000000000001,0,-5
18,5,incongruent,369.994422711635,0,0
18,5,incongruent,311.126983722081,0,5
18,4,incongruent,277.182630976873,0,10
18,3,incongruent,293.664767917408,0,15
18,2,fixed,293.664767917408,-20,0
18,2,fixed,293.664767917408,-15,0
18,5,fixed,293.664767917408,-10,0
18,2,fixed,293.664767917408,-5,0
18,4,fixed,293.664767917408,0,0
18,4,fixed,293.664767917408,5,0
18,3,fixed,293.664767917408,10,0
18,3,fixed,293.664767917408,15,0
18,3,fixed,293.664767917408,20,0
18,4,fixed,293.664767917408,0,-15
18,3,fixed,293.664767917408,0,-10
18,3,fixed,293.664767917408,0,-5
18,6,fixed,293.664767917408,0,0
18,5,fixed,293.664767917408,0,5
18,3,fixed,293.664767917408,0,10
18,3,fixed,293.664767917408,0,15
19,5,congruent,454.593999418035,-20,0
19,5,congruent,454.593999418035,-15,0
19,4,congruent,454.593999418035,-10,0
19,3,congruent,185.305916853689,-5,0
19,4,congruent,330.177607577543,0,0
19,2,congruent,270.303209272735,5,0
19,2,congruent,174.614115716502,10,0
19,2,congruent,225.898373346687,15,0
19,3,congruent,225.898373346687,20,0
19,2,congruent,95.2487323366731,0,-15
19,1,congruent,95.2487323366731,0,-10
19,3,congruent,134.702049069368,0,-5
19,4,congruent,330.177607577543,0,0
19,4,congruent,380.994929346692,0,5
19,5,congruent,440.734229549018,0,10
19,5,congruent,403.650066780848,0,15
19,3,incongruent,261.625565300599,-20,0
19,3,incongruent,261.625565300599,-15,0
19,3,incongruent,261.625565300599,-10,0
19,5,incongruent,659.255113825741,-5,0
19,3,incongruent,369.994422711635,0,0
19,4,incongruent,440.000000000001,5,0
19,5,incongruent,698.456462866009,10,0
19,4,incongruent,554.365261953745,15,0
19,5,incongruent,554.365261953745,20,0
19,6,incongruent,1244.50793488833,0,-15
19,6,incongruent,1244.50793488833,0,-10
19,5,incongruent,880.000000000001,0,-5
19,4,incongruent,369.994422711635,0,0
19,4,incongruent,311.126983722081,0,5
19,4,incongruent,277.182630976873,0,10
19,3,incongruent,293.664767917408,0,15
19,5,fixed,293.664767917408,-20,0
19,4,fixed,293.664767917408,-15,0
19,4,fixed,293.664767917408,-10,0
19,4,fixed,293.664767917408,-5,0
19,3,fixed,293.664767917408,0,0
19,3,fixed,293.664767917408,5,0
19,3,fixed,293.664767917408,10,0
19,3,fixed,293.664767917408,15,0
19,3,fixed,293.664767917408,20,0
19,3,fixed,293.664767917408,0,-15
19,3,fixed,293.664767917408,0,-10
19,3,fixed,293.664767917408,0,-5
19,3,fixed,293.664767917408,0,0
19,4,fixed,293.664767917408,0,5
19,4,fixed,293.664767917408,0,10
19,4,fixed,293.664767917408,0,15
20,4,congruent,454.593999418035,-20,0
20,4,congruent,454.593999418035,-15,0
20,4,congruent,454.593999418035,-10,0
20,2,congruent,185.305916853689,-5,0
20,3,congruent,330.177607577543,0,0
20,2,congruent,270.303209272735,5,0
20,2,congruent,174.614115716502,10,0
20,3,congruent,225.898373346687,15,0
20,3,congruent,225.898373346687,20,0
20,1,congruent,95.2487323366731,0,-15
20,1,congruent,95.2487323366731,0,-10
20,2,congruent,134.702049069368,0,-5
20,3,congruent,330.177607577543,0,0
20,4,congruent,380.994929346692,0,5
20,5,congruent,440.734229549018,0,10
20,5,congruent,403.650066780848,0,15
20,4,incongruent,261.625565300599,-20,0
20,4,incongruent,261.625565300599,-15,0
20,3,incongruent,261.625565300599,-10,0
20,5,incongruent,659.255113825741,-5,0
20,3,incongruent,369.994422711635,0,0
20,4,incongruent,440.000000000001,5,0
20,5,incongruent,698.456462866009,10,0
20,5,incongruent,554.365261953745,15,0
20,5,incongruent,554.365261953745,20,0
20,6,incongruent,1244.50793488833,0,-15
20,6,incongruent,1244.50793488833,0,-10
20,6,incongruent,880.000000000001,0,-5
20,4,incongruent,369.994422711635,0,0
20,4,incongruent,311.126983722081,0,5
20,3,incongruent,277.182630976873,0,10
20,4,incongruent,293.664767917408,0,15
20,4,fixed,293.664767917408,-20,0
20,4,fixed,293.664767917408,-15,0
20,4,fixed,293.664767917408,-10,0
20,3,fixed,293.664767917408,-5,0
20,4,fixed,293.664767917408,0,0
20,2,fixed,293.664767917408,5,0
20,4,fixed,293.664767917408,10,0
20,3,fixed,293.664767917408,15,0
20,3,fixed,293.664767917408,20,0
20,3,fixed,293.664767917408,0,-15
20,3,fixed,293.664767917408,0,-10
20,3,fixed,293.664767917408,0,-5
20,3,fixed,293.664767917408,0,0
20,4,fixed,293.664767917408,0,5
20,4,fixed,293.664767917408,0,10
20,4,fixed,293.664767917408,0,15
21,4,congruent,454.593999418035,-20,0
21,4,congruent,454.593999418035,-15,0
21,4,congruent,454.593999418035,-10,0
21,3,congruent,185.305916853689,-5,0
21,3,congruent,330.177607577543,0,0
21,5,congruent,270.303209272735,5,0
21,2,congruent,174.614115716502,10,0
21,4,congruent,225.898373346687,15,0
21,4,congruent,225.898373346687,20,0
21,1,congruent,95.2487323366731,0,-15
21,1,congruent,95.2487323366731,0,-10
21,3,congruent,134.702049069368,0,-5
21,5,congruent,330.177607577543,0,0
21,4,congruent,380.994929346692,0,5
21,5,congruent,440.734229549018,0,10
21,4,congruent,403.650066780848,0,15
21,3,incongruent,261.625565300599,-20,0
21,3,incongruent,261.625565300599,-15,0
21,3,incongruent,261.625565300599,-10,0
21,5,incongruent,659.255113825741,-5,0
21,4,incongruent,369.994422711635,0,0
21,3,incongruent,440.000000000001,5,0
21,6,incongruent,698.456462866009,10,0
21,5,incongruent,554.365261953745,15,0
21,5,incongruent,554.365261953745,20,0
21,6,incongruent,1244.50793488833,0,-15
21,6,incongruent,1244.50793488833,0,-10
21,6,incongruent,880.000000000001,0,-5
21,4,incongruent,369.994422711635,0,0
21,4,incongruent,311.126983722081,0,5
21,4,incongruent,277.182630976873,0,10
21,2,incongruent,293.664767917408,0,15
21,3,fixed,293.664767917408,-20,0
21,2,fixed,293.664767917408,-15,0
21,3,fixed,293.664767917408,-10,0
21,4,fixed,293.664767917408,-5,0
21,3,fixed,293.664767917408,0,0
21,3,fixed,293.664767917408,5,0
21,3,fixed,293.664767917408,10,0
21,2,fixed,293.664767917408,15,0
21,3,fixed,293.664767917408,20,0
21,2,fixed,293.664767917408,0,-15
21,3,fixed,293.664767917408,0,-10
21,4,fixed,293.664767917408,0,-5
21,3,fixed,293.664767917408,0,0
21,3,fixed,293.664767917408,0,5
21,3,fixed,293.664767917408,0,10
21,2,fixed,293.664767917408,0,15
22,4,congruent,454.593999418035,-20,0
22,5,congruent,454.593999418035,-15,0
22,4,congruent,454.593999418035,-10,0
22,6,congruent,185.305916853689,-5,0
22,4,congruent,330.177607577543,0,0
22,3,congruent,270.303209272735,5,0
22,2,congruent,174.614115716502,10,0
22,1,congruent,225.898373346687,15,0
22,2,congruent,225.898373346687,20,0
22,6,congruent,95.2487323366731,0,-15
22,5,congruent,95.2487323366731,0,-10
22,2,congruent,134.702049069368,0,-5
22,2,congruent,330.177607577543,0,0
22,3,congruent,380.994929346692,0,5
22,4,congruent,440.734229549018,0,10
22,5,congruent,403.650066780848,0,15
22,5,incongruent,261.625565300599,-20,0
22,6,incongruent,261.625565300599,-15,0
22,4,incongruent,261.625565300599,-10,0
22,5,incongruent,659.255113825741,-5,0
22,3,incongruent,369.994422711635,0,0
22,2,incongruent,440.000000000001,5,0
22,6,incongruent,698.456462866009,10,0
22,5,incongruent,554.365261953745,15,0
22,6,incongruent,554.365261953745,20,0
22,6,incongruent,1244.50793488833,0,-15
22,3,incongruent,1244.50793488833,0,-10
22,4,incongruent,880.000000000001,0,-5
22,3,incongruent,369.994422711635,0,0
22,4,incongruent,311.126983722081,0,5
22,3,incongruent,277.182630976873,0,10
22,4,incongruent,293.664767917408,0,15
22,4,fixed,293.664767917408,-20,0
22,6,fixed,293.664767917408,-15,0
22,6,fixed,293.664767917408,-10,0
22,5,fixed,293.664767917408,-5,0
22,3,fixed,293.664767917408,0,0
22,2,fixed,293.664767917408,5,0
22,3,fixed,293.664767917408,10,0
22,1,fixed,293.664767917408,15,0
22,2,fixed,293.664767917408,20,0
22,4,fixed,293.664767917408,0,-15
22,5,fixed,293.664767917408,0,-10
22,5,fixed,293.664767917408,0,-5
22,5,fixed,293.664767917408,0,0
22,3,fixed,293.664767917408,0,5
22,4,fixed,293.664767917408,0,10
22,4,fixed,293.664767917408,0,15
23,4,congruent,454.593999418035,-20,0
23,5,congruent,454.593999418035,-15,0
23,5,congruent,454.593999418035,-10,0
23,4,congruent,185.305916853689,-5,0
23,3,congruent,330.177607577543,0,0
23,2,congruent,270.303209272735,5,0
23,2,congruent,174.614115716502,10,0
23,2,congruent,225.898373346687,15,0
23,2,congruent,225.898373346687,20,0
23,4,congruent,95.2487323366731,0,-15
23,5,congruent,95.2487323366731,0,-10
23,4,congruent,134.702049069368,0,-5
23,3,congruent,330.177607577543,0,0
23,3,congruent,380.994929346692,0,5
23,4,congruent,440.734229549018,0,10
23,5,congruent,403.650066780848,0,15
23,5,incongruent,261.625565300599,-20,0
23,6,incongruent,261.625565300599,-15,0
23,4,incongruent,261.625565300599,-10,0
23,3,incongruent,659.255113825741,-5,0
23,2,incongruent,369.994422711635,0,0
23,1,incongruent,440.000000000001,5,0
23,2,incongruent,698.456462866009,10,0
23,2,incongruent,554.365261953745,15,0
23,1,incongruent,554.365261953745,20,0
23,1,incongruent,1244.50793488833,0,-15
23,1,incongruent,1244.50793488833,0,-10
23,1,incongruent,880.000000000001,0,-5
23,3,incongruent,369.994422711635,0,0
23,3,incongruent,311.126983722081,0,5
23,4,incongruent,277.182630976873,0,10
23,5,incongruent,293.664767917408,0,15
23,6,fixed,293.664767917408,-20,0
23,6,fixed,293.664767917408,-15,0
23,5,fixed,293.664767917408,-10,0
23,4,fixed,293.664767917408,-5,0
23,4,fixed,293.664767917408,0,0
23,3,fixed,293.664767917408,5,0
23,3,fixed,293.664767917408,10,0
23,3,fixed,293.664767917408,15,0
23,3,fixed,293.664767917408,20,0
23,4,fixed,293.664767917408,0,-15
23,4,fixed,293.664767917408,0,-10
23,4,fixed,293.664767917408,0,-5
23,4,fixed,293.664767917408,0,0
23,3,fixed,293.664767917408,0,5
23,4,fixed,293.664767917408,0,10
23,4,fixed,293.664767917408,0,15
24,5,congruent,454.593999418035,-20,0
24,5,congruent,454.593999418035,-15,0
24,5,congruent,454.593999418035,-10,0
24,2,congruent,185.305916853689,-5,0
24,2,congruent,330.177607577543,0,0
24,1,congruent,270.303209272735,5,0
24,1,congruent,174.614115716502,10,0
24,2,congruent,225.898373346687,15,0
24,1,congruent,225.898373346687,20,0
24,5,congruent,95.2487323366731,0,-15
24,4,congruent,95.2487323366731,0,-10
24,3,congruent,134.702049069368,0,-5
24,4,congruent,330.177607577543,0,0
24,3,congruent,380.994929346692,0,5
24,4,congruent,440.734229549018,0,10
24,5,congruent,403.650066780848,0,15
24,6,incongruent,261.625565300599,-20,0
24,5,incongruent,261.625565300599,-15,0
24,5,incongruent,261.625565300599,-10,0
24,4,incongruent,659.255113825741,-5,0
24,2,incongruent,369.994422711635,0,0
24,2,incongruent,440.000000000001,5,0
24,4,incongruent,698.456462866009,10,0
24,2,incongruent,554.365261953745,15,0
24,1,incongruent,554.365261953745,20,0
24,4,incongruent,1244.50793488833,0,-15
24,4,incongruent,1244.50793488833,0,-10
24,2,incongruent,880.000000000001,0,-5
24,2,incongruent,369.994422711635,0,0
24,2,incongruent,311.126983722081,0,5
24,4,incongruent,277.182630976873,0,10
24,3,incongruent,293.664767917408,0,15
24,6,fixed,293.664767917408,-20,0
24,6,fixed,293.664767917408,-15,0
24,6,fixed,293.664767917408,-10,0
24,5,fixed,293.664767917408,-5,0
24,4,fixed,293.664767917408,0,0
24,2,fixed,293.664767917408,5,0
24,2,fixed,293.664767917408,10,0
24,4,fixed,293.664767917408,15,0
24,2,fixed,293.664767917408,20,0
24,3,fixed,293.664767917408,0,-15
24,4,fixed,293.664767917408,0,-10
24,3,fixed,293.664767917408,0,-5
24,4,fixed,293.664767917408,0,0
24,4,fixed,293.664767917408,0,5
24,5,fixed,293.664767917408,0,10
24,5,fixed,293.664767917408,0,15
25,6,congruent,454.593999418035,-20,0
25,6,congruent,454.593999418035,-15,0
25,6,congruent,454.593999418035,-10,0
25,2,congruent,185.305916853689,-5,0
25,5,congruent,330.177607577543,0,0
25,4,congruent,270.303209272735,5,0
25,2,congruent,174.614115716502,10,0
25,1,congruent,225.898373346687,15,0
25,1,congruent,225.898373346687,20,0
25,2,congruent,95.2487323366731,0,-15
25,4,congruent,95.2487323366731,0,-10
25,2,congruent,134.702049069368,0,-5
25,2,congruent,330.177607577543,0,0
25,5,congruent,380.994929346692,0,5
25,5,congruent,440.734229549018,0,10
25,6,congruent,403.650066780848,0,15
25,6,incongruent,261.625565300599,-20,0
25,6,incongruent,261.625565300599,-15,0
25,6,incongruent,261.625565300599,-10,0
25,6,incongruent,659.255113825741,-5,0
25,3,incongruent,369.994422711635,0,0
25,4,incongruent,440.000000000001,5,0
25,6,incongruent,698.456462866009,10,0
25,5,incongruent,554.365261953745,15,0
25,6,incongruent,554.365261953745,20,0
25,6,incongruent,1244.50793488833,0,-15
25,6,incongruent,1244.50793488833,0,-10
25,6,incongruent,880.000000000001,0,-5
25,5,incongruent,369.994422711635,0,0
25,2,incongruent,311.126983722081,0,5
25,2,incongruent,277.182630976873,0,10
25,5,incongruent,293.664767917408,0,15
25,4,fixed,293.664767917408,-20,0
25,5,fixed,293.664767917408,-15,0
25,4,fixed,293.664767917408,-10,0
25,4,fixed,293.664767917408,-5,0
25,3,fixed,293.664767917408,0,0
25,2,fixed,293.664767917408,5,0
25,2,fixed,293.664767917408,10,0
25,2,fixed,293.664767917408,15,0
25,4,fixed,293.664767917408,20,0
25,3,fixed,293.664767917408,0,-15
25,4,fixed,293.664767917408,0,-10
25,3,fixed,293.664767917408,0,-5
25,4,fixed,293.664767917408,0,0
25,3,fixed,293.664767917408,0,5
25,3,fixed,293.664767917408,0,10
25,5,fixed,293.664767917408,0,15
26,5,congruent,454.593999418035,-20,0
26,5,congruent,454.593999418035,-15,0
26,5,congruent,454.593999418035,-10,0
26,4,congruent,185.305916853689,-5,0
26,3,congruent,330.177607577543,0,0
26,2,congruent,270.303209272735,5,0
26,3,congruent,174.614115716502,10,0
26,1,congruent,225.898373346687,15,0
26,2,congruent,225.898373346687,20,0
26,5,congruent,95.2487323366731,0,-15
26,5,congruent,95.2487323366731,0,-10
26,2,congruent,134.702049069368,0,-5
26,4,congruent,330.177607577543,0,0
26,3,congruent,380.994929346692,0,5
26,5,congruent,440.734229549018,0,10
26,6,congruent,403.650066780848,0,15
26,5,incongruent,261.625565300599,-20,0
26,5,incongruent,261.625565300599,-15,0
26,6,incongruent,261.625565300599,-10,0
26,4,incongruent,659.255113825741,-5,0
26,3,incongruent,369.994422711635,0,0
26,3,incongruent,440.000000000001,5,0
26,4,incongruent,698.456462866009,10,0
26,4,incongruent,554.365261953745,15,0
26,4,incongruent,554.365261953745,20,0
26,4,incongruent,1244.50793488833,0,-15
26,5,incongruent,1244.50793488833,0,-10
26,4,incongruent,880.000000000001,0,-5
26,4,incongruent,369.994422711635,0,0
26,5,incongruent,311.126983722081,0,5
26,4,incongruent,277.182630976873,0,10
26,4,incongruent,293.664767917408,0,15
26,3,fixed,293.664767917408,-20,0
26,5,fixed,293.664767917408,-15,0
26,4,fixed,293.664767917408,-10,0
26,3,fixed,293.664767917408,-5,0
26,3,fixed,293.664767917408,0,0
26,2,fixed,293.664767917408,5,0
26,1,fixed,293.664767917408,10,0
26,2,fixed,293.664767917408,15,0
26,2,fixed,293.664767917408,20,0
26,3,fixed,293.664767917408,0,-15
26,3,fixed,293.664767917408,0,-10
26,3,fixed,293.664767917408,0,-5
26,2,fixed,293.664767917408,0,0
26,3,fixed,293.664767917408,0,5
26,4,fixed,293.664767917408,0,10
26,4,fixed,293.664767917408,0,15
27,3.5,congruent,454.593999418035,-20,0
27,4.75,congruent,454.593999418035,-15,0
27,4.75,congruent,454.593999418035,-10,0
27,3.5,congruent,185.305916853689,-5,0
27,4.75,congruent,330.177607577543,0,0
27,4.75,congruent,270.303209272735,5,0
27,2.25,congruent,174.614115716502,10,0
27,2.25,congruent,225.898373346687,15,0
27,1,congruent,225.898373346687,20,0
27,1,congruent,95.2487323366731,0,-15
27,3.5,congruent,95.2487323366731,0,-10
27,3.5,congruent,134.702049069368,0,-5
27,4.75,congruent,330.177607577543,0,0
27,3.5,congruent,380.994929346692,0,5
27,4.75,congruent,440.734229549018,0,10
27,3.5,congruent,403.650066780848,0,15
27,3.5,incongruent,261.625565300599,-20,0
27,3.5,incongruent,261.625565300599,-15,0
27,3.5,incongruent,261.625565300599,-10,0
27,3.5,incongruent,659.255113825741,-5,0
27,2.25,incongruent,369.994422711635,0,0
27,6,incongruent,440.000000000001,5,0
27,4.75,incongruent,698.456462866009,10,0
27,4.75,incongruent,554.365261953745,15,0
27,4.75,incongruent,554.365261953745,20,0
27,6,incongruent,1244.50793488833,0,-15
27,6,incongruent,1244.50793488833,0,-10
27,4.75,incongruent,880.000000000001,0,-5
27,2.25,incongruent,369.994422711635,0,0
27,3.5,incongruent,311.126983722081,0,5
27,3.5,incongruent,277.182630976873,0,10
27,1,incongruent,293.664767917408,0,15
27,3.5,fixed,293.664767917408,-20,0
27,3.5,fixed,293.664767917408,-15,0
27,2.25,fixed,293.664767917408,-10,0
27,2.25,fixed,293.664767917408,-5,0
27,3.5,fixed,293.664767917408,0,0
27,1,fixed,293.664767917408,5,0
27,1,fixed,293.664767917408,10,0
27,2.25,fixed,293.664767917408,15,0
27,1,fixed,293.664767917408,20,0
27,2.25,fixed,293.664767917408,0,-15
27,2.25,fixed,293.664767917408,0,-10
27,2.25,fixed,293.664767917408,0,-5
27,1,fixed,293.664767917408,0,0
27,3.5,fixed,293.664767917408,0,5
27,2.25,fixed,293.664767917408,0,10
27,3.5,fixed,293.664767917408,0,15
28,4,congruent,454.593999418035,-20,0
28,4,congruent,454.593999418035,-15,0
28,5,congruent,454.593999418035,-10,0
28,2,congruent,185.305916853689,-5,0
28,3,congruent,330.177607577543,0,0
28,3,congruent,270.303209272735,5,0
28,1,congruent,174.614115716502,10,0
28,2,congruent,225.898373346687,15,0
28,2,congruent,225.898373346687,20,0
28,3,congruent,95.2487323366731,0,-15
28,3,congruent,95.2487323366731,0,-10
28,2,congruent,134.702049069368,0,-5
28,4,congruent,330.177607577543,0,0
28,3,congruent,380.994929346692,0,5
28,5,congruent,440.734229549018,0,10
28,4,congruent,403.650066780848,0,15
28,4,incongruent,261.625565300599,-20,0
28,4,incongruent,261.625565300599,-15,0
28,4,incongruent,261.625565300599,-10,0
28,5,incongruent,659.255113825741,-5,0
28,3,incongruent,369.994422711635,0,0
28,3,incongruent,440.000000000001,5,0
28,5,incongruent,698.456462866009,10,0
28,3,incongruent,554.365261953745,15,0
28,5,incongruent,554.365261953745,20,0
28,6,incongruent,1244.50793488833,0,-15
28,5,incongruent,1244.50793488833,0,-10
28,6,incongruent,880.000000000001,0,-5
28,4,incongruent,369.994422711635,0,0
28,3,incongruent,311.126983722081,0,5
28,3,incongruent,277.182630976873,0,10
28,3,incongruent,293.664767917408,0,15
28,4,fixed,293.664767917408,-20,0
28,4,fixed,293.664767917408,-15,0
28,4,fixed,293.664767917408,-10,0
28,4,fixed,293.664767917408,-5,0
28,2,fixed,293.664767917408,0,0
28,2,fixed,293.664767917408,5,0
28,1,fixed,293.664767917408,10,0
28,2,fixed,293.664767917408,15,0
28,1,fixed,293.664767917408,20,0
28,2,fixed,293.664767917408,0,-15
28,3,fixed,293.664767917408,0,-10
28,4,fixed,293.664767917408,0,-5
28,3,fixed,293.664767917408,0,0
28,3,fixed,293.664767917408,0,5
28,3,fixed,293.664767917408,0,10
28,3,fixed,293.664767917408,0,15
29,3.5,congruent,454.593999418035,-20,0
29,4.75,congruent,454.593999418035,-15,0
29,6,congruent,454.593999418035,-10,0
29,3.5,congruent,185.305916853689,-5,0
29,3.5,congruent,330.177607577543,0,0
29,2.25,congruent,270.303209272735,5,0
29,1,congruent,174.614115716502,10,0
29,3.5,congruent,225.898373346687,15,0
29,2.25,congruent,225.898373346687,20,0
29,1,congruent,95.2487323366731,0,-15
29,1,congruent,95.2487323366731,0,-10
29,2.25,congruent,134.702049069368,0,-5
29,3.5,congruent,330.177607577543,0,0
29,4.75,congruent,380.994929346692,0,5
29,4.75,congruent,440.734229549018,0,10
29,4.75,congruent,403.650066780848,0,15
29,4.75,incongruent,261.625565300599,-20,0
29,3.5,incongruent,261.625565300599,-15,0
29,6,incongruent,261.625565300599,-10,0
29,4.75,incongruent,659.255113825741,-5,0
29,4.75,incongruent,369.994422711635,0,0
29,3.5,incongruent,440.000000000001,5,0
29,6,incongruent,698.456462866009,10,0
29,4.75,incongruent,554.365261953745,15,0
29,4.75,incongruent,554.365261953745,20,0
29,4.75,incongruent,1244.50793488833,0,-15
29,4.75,incongruent,1244.50793488833,0,-10
29,4.75,incongruent,880.000000000001,0,-5
29,3.5,incongruent,369.994422711635,0,0
29,3.5,incongruent,311.126983722081,0,5
29,2.25,incongruent,277.182630976873,0,10
29,3.5,incongruent,293.664767917408,0,15
29,3.5,fixed,293.664767917408,-20,0
29,3.5,fixed,293.664767917408,-15,0
29,3.5,fixed,293.664767917408,-10,0
29,3.5,fixed,293.664767917408,-5,0
29,2.25,fixed,293.664767917408,0,0
29,2.25,fixed,293.664767917408,5,0
29,1,fixed,293.664767917408,10,0
29,2.25,fixed,293.664767917408,15,0
29,1,fixed,293.664767917408,20,0
29,2.25,fixed,293.664767917408,0,-15
29,2.25,fixed,293.664767917408,0,-10
29,3.5,fixed,293.664767917408,0,-5
29,2.25,fixed,293.664767917408,0,0
29,2.25,fixed,293.664767917408,0,5
29,2.25,fixed,293.664767917408,0,10
29,2.25,fixed,293.664767917408,0,15
30,4,congruent,454.593999418035,-20,0
30,3,congruent,454.593999418035,-15,0
30,5,congruent,454.593999418035,-10,0
30,6,congruent,185.305916853689,-5,0
30,3,congruent,330.177607577543,0,0
30,2,congruent,270.303209272735,5,0
30,5,congruent,174.614115716502,10,0
30,2,congruent,225.898373346687,15,0
30,3,congruent,225.898373346687,20,0
30,5,congruent,95.2487323366731,0,-15
30,6,congruent,95.2487323366731,0,-10
30,4,congruent,134.702049069368,0,-5
30,2,congruent,330.177607577543,0,0
30,6,congruent,380.994929346692,0,5
30,6,congruent,440.734229549018,0,10
30,4,congruent,403.650066780848,0,15
30,3,incongruent,261.625565300599,-20,0
30,6,incongruent,261.625565300599,-15,0
30,5,incongruent,261.625565300599,-10,0
30,4,incongruent,659.255113825741,-5,0
30,3,incongruent,369.994422711635,0,0
30,2,incongruent,440.000000000001,5,0
30,1,incongruent,698.456462866009,10,0
30,3,incongruent,554.365261953745,15,0
30,2,incongruent,554.365261953745,20,0
30,1,incongruent,1244.50793488833,0,-15
30,1,incongruent,1244.50793488833,0,-10
30,1,incongruent,880.000000000001,0,-5
30,2,incongruent,369.994422711635,0,0
30,5,incongruent,311.126983722081,0,5
30,5,incongruent,277.182630976873,0,10
30,3,incongruent,293.664767917408,0,15
30,5,fixed,293.664767917408,-20,0
30,4,fixed,293.664767917408,-15,0
30,5,fixed,293.664767917408,-10,0
30,6,fixed,293.664767917408,-5,0
30,5,fixed,293.664767917408,0,0
30,4,fixed,293.664767917408,5,0
30,2,fixed,293.664767917408,10,0
30,2,fixed,293.664767917408,15,0
30,2,fixed,293.664767917408,20,0
30,3,fixed,293.664767917408,0,-15
30,4,fixed,293.664767917408,0,-10
30,3,fixed,293.664767917408,0,-5
30,4,fixed,293.664767917408,0,0
30,5,fixed,293.664767917408,0,5
30,4,fixed,293.664767917408,0,10
30,4,fixed,293.664767917408,0,15
31,5,congruent,454.593999418035,-20,0
31,4,congruent,454.593999418035,-15,0
31,5,congruent,454.593999418035,-10,0
31,2,congruent,185.305916853689,-5,0
31,4,congruent,330.177607577543,0,0
31,3,congruent,270.303209272735,5,0
31,3,congruent,174.614115716502,10,0
31,4,congruent,225.898373346687,15,0
31,4,congruent,225.898373346687,20,0
31,3,congruent,95.2487323366731,0,-15
31,1,congruent,95.2487323366731,0,-10
31,2,congruent,134.702049069368,0,-5
31,4,congruent,330.177607577543,0,0
31,4,congruent,380.994929346692,0,5
31,4,congruent,440.734229549018,0,10
31,5,congruent,403.650066780848,0,15
31,2,incongruent,261.625565300599,-20,0
31,2,incongruent,261.625565300599,-15,0
31,3,incongruent,261.625565300599,-10,0
31,6,incongruent,659.255113825741,-5,0
31,3,incongruent,369.994422711635,0,0
31,5,incongruent,440.000000000001,5,0
31,6,incongruent,698.456462866009,10,0
31,5,incongruent,554.365261953745,15,0
31,5,incongruent,554.365261953745,20,0
31,5,incongruent,1244.50793488833,0,-15
31,6,incongruent,1244.50793488833,0,-10
31,5,incongruent,880.000000000001,0,-5
31,3,incongruent,369.994422711635,0,0
31,3,incongruent,311.126983722081,0,5
31,2,incongruent,277.182630976873,0,10
31,2,incongruent,293.664767917408,0,15
31,2,fixed,293.664767917408,-20,0
31,4,fixed,293.664767917408,-15,0
31,3,fixed,293.664767917408,-10,0
31,3,fixed,293.664767917408,-5,0
31,2,fixed,293.664767917408,0,0
31,3,fixed,293.664767917408,5,0
31,4,fixed,293.664767917408,10,0
31,4,fixed,293.664767917408,15,0
31,3,fixed,293.664767917408,20,0
31,3,fixed,293.664767917408,0,-15
31,3,fixed,293.664767917408,0,-10
31,3,fixed,293.664767917408,0,-5
31,3,fixed,293.664767917408,0,0
31,2,fixed,293.664767917408,0,5
31,2,fixed,293.664767917408,0,10
31,2,fixed,293.664767917408,0,15
32,3.5,congruent,454.593999418035,-20,0
32,3.5,congruent,454.593999418035,-15,0
32,3.5,congruent,454.593999418035,-10,0
32,2.25,congruent,185.305916853689,-5,0
32,2.25,congruent,330.177607577543,0,0
32,2.25,congruent,270.303209272735,5,0
32,2.25,congruent,174.614115716502,10,0
32,1,congruent,225.898373346687,15,0
32,2.25,congruent,225.898373346687,20,0
32,1,congruent,95.2487323366731,0,-15
32,2.25,congruent,95.2487323366731,0,-10
32,1,congruent,134.702049069368,0,-5
32,2.25,congruent,330.177607577543,0,0
32,2.25,congruent,380.994929346692,0,5
32,3.5,congruent,440.734229549018,0,10
32,6,congruent,403.650066780848,0,15
32,2.25,incongruent,261.625565300599,-20,0
32,4.75,incongruent,261.625565300599,-15,0
32,3.5,incongruent,261.625565300599,-10,0
32,4.75,incongruent,659.255113825741,-5,0
32,2.25,incongruent,369.994422711635,0,0
32,3.5,incongruent,440.000000000001,5,0
32,4.75,incongruent,698.456462866009,10,0
32,3.5,incongruent,554.365261953745,15,0
32,4.75,incongruent,554.365261953745,20,0
32,6,incongruent,1244.50793488833,0,-15
32,6,incongruent,1244.50793488833,0,-10
32,6,incongruent,880.000000000001,0,-5
32,2.25,incongruent,369.994422711635,0,0
32,4.75,incongruent,311.126983722081,0,5
32,3.5,incongruent,277.182630976873,0,10
32,2.25,incongruent,293.664767917408,0,15
32,2.25,fixed,293.664767917408,-20,0
32,3.5,fixed,293.664767917408,-15,0
32,4.75,fixed,293.664767917408,-10,0
32,4.75,fixed,293.664767917408,-5,0
32,2.25,fixed,293.664767917408,0,0
32,2.25,fixed,293.664767917408,5,0
32,2.25,fixed,293.664767917408,10,0
32,2.25,fixed,293.664767917408,15,0
32,2.25,fixed,293.664767917408,20,0
32,3.5,fixed,293.664767917408,0,-15
32,2.25,fixed,293.664767917408,0,-10
32,2.25,fixed,293.664767917408,0,-5
32,3.5,fixed,293.664767917408,0,0
32,3.5,fixed,293.664767917408,0,5
32,3.5,fixed,293.664767917408,0,10
32,4.75,fixed,293.664767917408,0,15
33,5,congruent,454.593999418035,-20,0
33,5,congruent,454.593999418035,-15,0
33,5,congruent,454.593999418035,-10,0
33,1,congruent,185.305916853689,-5,0
33,2,congruent,330.177607577543,0,0
33,4,congruent,270.303209272735,5,0
33,2,congruent,174.614115716502,10,0
33,4,congruent,225.898373346687,15,0
33,2,congruent,225.898373346687,20,0
33,1,congruent,95.2487323366731,0,-15
33,1,congruent,95.2487323366731,0,-10
33,1,congruent,134.702049069368,0,-5
33,4,congruent,330.177607577543,0,0
33,3,congruent,380.994929346692,0,5
33,6,congruent,440.734229549018,0,10
33,6,congruent,403.650066780848,0,15
33,4,incongruent,261.625565300599,-20,0
33,5,incongruent,261.625565300599,-15,0
33,5,incongruent,261.625565300599,-10,0
33,6,incongruent,659.255113825741,-5,0
33,3,incongruent,369.994422711635,0,0
33,5,incongruent,440.000000000001,5,0
33,5,incongruent,698.456462866009,10,0
33,5,incongruent,554.365261953745,15,0
33,5,incongruent,554.365261953745,20,0
33,6,incongruent,1244.50793488833,0,-15
33,6,incongruent,1244.50793488833,0,-10
33,6,incongruent,880.000000000001,0,-5
33,2,incongruent,369.994422711635,0,0
33,5,incongruent,311.126983722081,0,5
33,4,incongruent,277.182630976873,0,10
33,6,incongruent,293.664767917408,0,15
33,4,fixed,293.664767917408,-20,0
33,5,fixed,293.664767917408,-15,0
33,4,fixed,293.664767917408,-10,0
33,3,fixed,293.664767917408,-5,0
33,5,fixed,293.664767917408,0,0
33,3,fixed,293.664767917408,5,0
33,3,fixed,293.664767917408,10,0
33,3,fixed,293.664767917408,15,0
33,3,fixed,293.664767917408,20,0
33,3,fixed,293.664767917408,0,-15
33,3,fixed,293.664767917408,0,-10
33,3,fixed,293.664767917408,0,-5
33,3,fixed,293.664767917408,0,0
33,4,fixed,293.664767917408,0,5
33,4,fixed,293.664767917408,0,10
33,4,fixed,293.664767917408,0,15
34,4,congruent,454.593999418035,-20,0
34,4,congruent,454.593999418035,-15,0
34,4,congruent,454.593999418035,-10,0
34,2,congruent,185.305916853689,-5,0
34,3,congruent,330.177607577543,0,0
34,2,congruent,270.303209272735,5,0
34,1,congruent,174.614115716502,10,0
34,1,congruent,225.898373346687,15,0
34,1,congruent,225.898373346687,20,0
34,2,congruent,95.2487323366731,0,-15
34,1,congruent,95.2487323366731,0,-10
34,3,congruent,134.702049069368,0,-5
34,3,congruent,330.177607577543,0,0
34,3,congruent,380.994929346692,0,5
34,5,congruent,440.734229549018,0,10
34,6,congruent,403.650066780848,0,15
34,4,incongruent,261.625565300599,-20,0
34,3,incongruent,261.625565300599,-15,0
34,4,incongruent,261.625565300599,-10,0
34,4,incongruent,659.255113825741,-5,0
34,3,incongruent,369.994422711635,0,0
34,5,incongruent,440.000000000001,5,0
34,5,incongruent,698.456462866009,10,0
34,4,incongruent,554.365261953745,15,0
34,4,incongruent,554.365261953745,20,0
34,4,incongruent,1244.50793488833,0,-15
34,5,incongruent,1244.50793488833,0,-10
34,5,incongruent,880.000000000001,0,-5
34,3,incongruent,369.994422711635,0,0
34,2,incongruent,311.126983722081,0,5
34,4,incongruent,277.182630976873,0,10
34,2,incongruent,293.664767917408,0,15
34,4,fixed,293.664767917408,-20,0
34,4,fixed,293.664767917408,-15,0
34,4,fixed,293.664767917408,-10,0
34,4,fixed,293.664767917408,-5,0
34,3,fixed,293.664767917408,0,0
34,2,fixed,293.664767917408,5,0
34,3,fixed,293.664767917408,10,0
34,2,fixed,293.664767917408,15,0
34,2,fixed,293.664767917408,20,0
34,3,fixed,293.664767917408,0,-15
34,4,fixed,293.664767917408,0,-10
34,3,fixed,293.664767917408,0,-5
34,2,fixed,293.664767917408,0,0
34,2,fixed,293.664767917408,0,5
34,2,fixed,293.664767917408,0,10
34,4,fixed,293.664767917408,0,15
35,6,congruent,454.593999418035,-20,0
35,4,congruent,454.593999418035,-15,0
35,5,congruent,454.593999418035,-10,0
35,2,congruent,185.305916853689,-5,0
35,3,congruent,330.177607577543,0,0
35,3,congruent,270.303209272735,5,0
35,2,congruent,174.614115716502,10,0
35,2,congruent,225.898373346687,15,0
35,2,congruent,225.898373346687,20,0
35,1,congruent,95.2487323366731,0,-15
35,2,congruent,95.2487323366731,0,-10
35,2,congruent,134.702049069368,0,-5
35,4,congruent,330.177607577543,0,0
35,3,congruent,380.994929346692,0,5
35,3,congruent,440.734229549018,0,10
35,3,congruent,403.650066780848,0,15
35,4,incongruent,261.625565300599,-20,0
35,4,incongruent,261.625565300599,-15,0
35,3,incongruent,261.625565300599,-10,0
35,5,incongruent,659.255113825741,-5,0
35,3,incongruent,369.994422711635,0,0
35,5,incongruent,440.000000000001,5,0
35,4,incongruent,698.456462866009,10,0
35,5,incongruent,554.365261953745,15,0
35,5,incongruent,554.365261953745,20,0
35,6,incongruent,1244.50793488833,0,-15
35,6,incongruent,1244.50793488833,0,-10
35,6,incongruent,880.000000000001,0,-5
35,3,incongruent,369.994422711635,0,0
35,3,incongruent,311.126983722081,0,5
35,3,incongruent,277.182630976873,0,10
35,3,incongruent,293.664767917408,0,15
35,4,fixed,293.664767917408,-20,0
35,4,fixed,293.664767917408,-15,0
35,3,fixed,293.664767917408,-10,0
35,3,fixed,293.664767917408,-5,0
35,2,fixed,293.664767917408,0,0
35,2,fixed,293.664767917408,5,0
35,2,fixed,293.664767917408,10,0
35,2,fixed,293.664767917408,15,0
35,1,fixed,293.664767917408,20,0
35,4,fixed,293.664767917408,0,-15
35,3,fixed,293.664767917408,0,-10
35,3,fixed,293.664767917408,0,-5
35,2,fixed,293.664767917408,0,0
35,2,fixed,293.664767917408,0,5
35,2,fixed,293.664767917408,0,10
35,2,fixed,293.664767917408,0,15
36,4.75,congruent,454.593999418035,-20,0
36,6,congruent,454.593999418035,-15,0
36,4.75,congruent,454.593999418035,-10,0
36,1,congruent,185.305916853689,-5,0
36,3.5,congruent,330.177607577543,0,0
36,4.75,congruent,270.303209272735,5,0
36,1,congruent,174.614115716502,10,0
36,2.25,congruent,225.898373346687,15,0
36,2.25,congruent,225.898373346687,20,0
36,1,congruent,95.2487323366731,0,-15
36,1,congruent,95.2487323366731,0,-10
36,1,congruent,134.702049069368,0,-5
36,1,congruent,330.177607577543,0,0
36,3.5,congruent,380.994929346692,0,5
36,3.5,congruent,440.734229549018,0,10
36,3.5,congruent,403.650066780848,0,15
36,6,incongruent,261.625565300599,-20,0
36,4.75,incongruent,261.625565300599,-15,0
36,4.75,incongruent,261.625565300599,-10,0
36,6,incongruent,659.255113825741,-5,0
36,3.5,incongruent,369.994422711635,0,0
36,4.75,incongruent,440.000000000001,5,0
36,4.75,incongruent,698.456462866009,10,0
36,4.75,incongruent,554.365261953745,15,0
36,6,incongruent,554.365261953745,20,0
36,6,incongruent,1244.50793488833,0,-15
36,4.75,incongruent,1244.50793488833,0,-10
36,6,incongruent,880.000000000001,0,-5
36,2.25,incongruent,369.994422711635,0,0
36,2.25,incongruent,311.126983722081,0,5
36,1,incongruent,277.182630976873,0,10
36,2.25,incongruent,293.664767917408,0,15
36,3.5,fixed,293.664767917408,-20,0
36,3.5,fixed,293.664767917408,-15,0
36,1,fixed,293.664767917408,-10,0
36,2.25,fixed,293.664767917408,-5,0
36,1,fixed,293.664767917408,0,0
36,1,fixed,293.664767917408,5,0
36,1,fixed,293.664767917408,10,0
36,1,fixed,293.664767917408,15,0
36,1,fixed,293.664767917408,20,0
36,2.25,fixed,293.664767917408,0,-15
36,2.25,fixed,293.664767917408,0,-10
36,2.25,fixed,293.664767917408,0,-5
36,1,fixed,293.664767917408,0,0
36,1,fixed,293.664767917408,0,5
36,1,fixed,293.664767917408,0,10
36,1,fixed,293.664767917408,0,15
37,3,congruent,454.593999418035,-20,0
37,4,congruent,454.593999418035,-15,0
37,5,congruent,454.593999418035,-10,0
37,3,congruent,185.305916853689,-5,0
37,2,congruent,330.177607577543,0,0
37,3,congruent,270.303209272735,5,0
37,2,congruent,174.614115716502,10,0
37,3,congruent,225.898373346687,15,0
37,5,congruent,225.898373346687,20,0
37,2,congruent,95.2487323366731,0,-15
37,4,congruent,95.2487323366731,0,-10
37,1,congruent,134.702049069368,0,-5
37,4,congruent,330.177607577543,0,0
37,2,congruent,380.994929346692,0,5
37,3,congruent,440.734229549018,0,10
37,2,congruent,403.650066780848,0,15
37,1,incongruent,261.625565300599,-20,0
37,2,incongruent,261.625565300599,-15,0
37,2,incongruent,261.625565300599,-10,0
37,5,incongruent,659.255113825741,-5,0
37,2,incongruent,369.994422711635,0,0
37,6,incongruent,440.000000000001,5,0
37,5,incongruent,698.456462866009,10,0
37,5,incongruent,554.365261953745,15,0
37,5,incongruent,554.365261953745,20,0
37,5,incongruent,1244.50793488833,0,-15
37,6,incongruent,1244.50793488833,0,-10
37,5,incongruent,880.000000000001,0,-5
37,3,incongruent,369.994422711635,0,0
37,2,incongruent,311.126983722081,0,5
37,3,incongruent,277.182630976873,0,10
37,3,incongruent,293.664767917408,0,15
37,3,fixed,293.664767917408,-20,0
37,2,fixed,293.664767917408,-15,0
37,3,fixed,293.664767917408,-10,0
37,4,fixed,293.664767917408,-5,0
37,3,fixed,293.664767917408,0,0
37,5,fixed,293.664767917408,5,0
37,5,fixed,293.664767917408,10,0
37,5,fixed,293.664767917408,15,0
37,6,fixed,293.664767917408,20,0
37,2,fixed,293.664767917408,0,-15
37,4,fixed,293.664767917408,0,-10
37,5,fixed,293.664767917408,0,-5
37,3,fixed,293.664767917408,0,0
37,3,fixed,293.664767917408,0,5
37,3,fixed,293.664767917408,0,10
37,2,fixed,293.664767917408,0,15
38,4.75,congruent,454.593999418035,-20,0
38,4.75,congruent,454.593999418035,-15,0
38,3.5,congruent,454.593999418035,-10,0
38,4.75,congruent,185.305916853689,-5,0
38,3.5,congruent,330.177607577543,0,0
38,3.5,congruent,270.303209272735,5,0
38,3.5,congruent,174.614115716502,10,0
38,2.25,congruent,225.898373346687,15,0
38,2.25,congruent,225.898373346687,20,0
38,3.5,congruent,95.2487323366731,0,-15
38,4.75,congruent,95.2487323366731,0,-10
38,4.75,congruent,134.702049069368,0,-5
38,3.5,congruent,330.177607577543,0,0
38,2.25,congruent,380.994929346692,0,5
38,4.75,congruent,440.734229549018,0,10
38,4.75,congruent,403.650066780848,0,15
38,3.5,incongruent,261.625565300599,-20,0
38,3.5,incongruent,261.625565300599,-15,0
38,6,incongruent,261.625565300599,-10,0
38,4.75,incongruent,659.255113825741,-5,0
38,3.5,incongruent,369.994422711635,0,0
38,2.25,incongruent,440.000000000001,5,0
38,4.75,incongruent,698.456462866009,10,0
38,2.25,incongruent,554.365261953745,15,0
38,2.25,incongruent,554.365261953745,20,0
38,2.25,incongruent,1244.50793488833,0,-15
38,2.25,incongruent,1244.50793488833,0,-10
38,2.25,incongruent,880.000000000001,0,-5
38,3.5,incongruent,369.994422711635,0,0
38,2.25,incongruent,311.126983722081,0,5
38,1,incongruent,277.182630976873,0,10
38,2.25,incongruent,293.664767917408,0,15
38,4.75,fixed,293.664767917408,-20,0
38,4.75,fixed,293.664767917408,-15,0
38,6,fixed,293.664767917408,-10,0
38,4.75,fixed,293.664767917408,-5,0
38,4.75,fixed,293.664767917408,0,0
38,3.5,fixed,293.664767917408,5,0
38,2.25,fixed,293.664767917408,10,0
38,2.25,fixed,293.664767917408,15,0
38,2.25,fixed,293.664767917408,20,0
38,6,fixed,293.664767917408,0,-15
38,4.75,fixed,293.664767917408,0,-10
38,3.5,fixed,293.664767917408,0,-5
38,4.75,fixed,293.664767917408,0,0
38,1,fixed,293.664767917408,0,5
38,1,fixed,293.664767917408,0,10
38,3.5,fixed,293.664767917408,0,15
39,2,congruent,454.593999418035,-20,0
39,4,congruent,454.593999418035,-15,0
39,5,congruent,454.593999418035,-10,0
39,5,congruent,185.305916853689,-5,0
39,5,congruent,330.177607577543,0,0
39,5,congruent,270.303209272735,5,0
39,5,congruent,174.614115716502,10,0
39,3,congruent,225.898373346687,15,0
39,3,congruent,225.898373346687,20,0
39,6,congruent,95.2487323366731,0,-15
39,6,congruent,95.2487323366731,0,-10
39,5,congruent,134.702049069368,0,-5
39,5,congruent,330.177607577543,0,0
39,4,congruent,380.994929346692,0,5
39,3,congruent,440.734229549018,0,10
39,5,congruent,403.650066780848,0,15
39,4,incongruent,261.625565300599,-20,0
39,4,incongruent,261.625565300599,-15,0
39,4,incongruent,261.625565300599,-10,0
39,3,incongruent,659.255113825741,-5,0
39,4,incongruent,369.994422711635,0,0
39,3,incongruent,440.000000000001,5,0
39,3,incongruent,698.456462866009,10,0
39,3,incongruent,554.365261953745,15,0
39,2,incongruent,554.365261953745,20,0
39,1,incongruent,1244.50793488833,0,-15
39,1,incongruent,1244.50793488833,0,-10
39,3,incongruent,880.000000000001,0,-5
39,4,incongruent,369.994422711635,0,0
39,4,incongruent,311.126983722081,0,5
39,2,incongruent,277.182630976873,0,10
39,4,incongruent,293.664767917408,0,15
39,5,fixed,293.664767917408,-20,0
39,5,fixed,293.664767917408,-15,0
39,5,fixed,293.664767917408,-10,0
39,5,fixed,293.664767917408,-5,0
39,5,fixed,293.664767917408,0,0
39,3,fixed,293.664767917408,5,0
39,3,fixed,293.664767917408,10,0
39,4,fixed,293.664767917408,15,0
39,3,fixed,293.664767917408,20,0
39,4,fixed,293.664767917408,0,-15
39,4,fixed,293.664767917408,0,-10
39,4,fixed,293.664767917408,0,-5
39,3,fixed,293.664767917408,0,0
39,3,fixed,293.664767917408,0,5
39,4,fixed,293.664767917408,0,10
39,4,fixed,293.664767917408,0,15
40,5,congruent,454.593999418035,-20,0
40,5,congruent,454.593999418035,-15,0
40,5,congruent,454.593999418035,-10,0
40,3,congruent,185.305916853689,-5,0
40,3,congruent,330.177607577543,0,0
40,2,congruent,270.303209272735,5,0
40,2,congruent,174.614115716502,10,0
40,1,congruent,225.898373346687,15,0
40,2,congruent,225.898373346687,20,0
40,1,congruent,95.2487323366731,0,-15
40,3,congruent,95.2487323366731,0,-10
40,3,congruent,134.702049069368,0,-5
40,2,congruent,330.177607577543,0,0
40,2,congruent,380.994929346692,0,5
40,3,congruent,440.734229549018,0,10
40,3,congruent,403.650066780848,0,15
40,2,incongruent,261.625565300599,-20,0
40,2,incongruent,261.625565300599,-15,0
40,3,incongruent,261.625565300599,-10,0
40,4,incongruent,659.255113825741,-5,0
40,2,incongruent,369.994422711635,0,0
40,4,incongruent,440.000000000001,5,0
40,6,incongruent,698.456462866009,10,0
40,4,incongruent,554.365261953745,15,0
40,4,incongruent,554.365261953745,20,0
40,5,incongruent,1244.50793488833,0,-15
40,6,incongruent,1244.50793488833,0,-10
40,4,incongruent,880.000000000001,0,-5
40,3,incongruent,369.994422711635,0,0
40,2,incongruent,311.126983722081,0,5
40,2,incongruent,277.182630976873,0,10
40,3,incongruent,293.664767917408,0,15
40,2,fixed,293.664767917408,-20,0
40,4,fixed,293.664767917408,-15,0
40,4,fixed,293.664767917408,-10,0
40,4,fixed,293.664767917408,-5,0
40,2,fixed,293.664767917408,0,0
40,2,fixed,293.664767917408,5,0
40,2,fixed,293.664767917408,10,0
40,2,fixed,293.664767917408,15,0
40,2,fixed,293.664767917408,20,0
40,3,fixed,293.664767917408,0,-15
40,1,fixed,293.664767917408,0,-10
40,2,fixed,293.664767917408,0,-5
40,2,fixed,293.664767917408,0,0
40,2,fixed,293.664767917408,0,5
40,1,fixed,293.664767917408,0,10
40,1,fixed,293.664767917408,0,15
41,4,congruent,454.593999418035,-20,0
41,6,congruent,454.593999418035,-15,0
41,4,congruent,454.593999418035,-10,0
41,6,congruent,185.305916853689,-5,0
41,4,congruent,330.177607577543,0,0
41,3,congruent,270.303209272735,5,0
41,2,congruent,174.614115716502,10,0
41,2,congruent,225.898373346687,15,0
41,1,congruent,225.898373346687,20,0
41,4,congruent,95.2487323366731,0,-15
41,6,congruent,95.2487323366731,0,-10
41,6,congruent,134.702049069368,0,-5
41,3,congruent,330.177607577543,0,0
41,4,congruent,380.994929346692,0,5
41,5,congruent,440.734229549018,0,10
41,6,congruent,403.650066780848,0,15
41,5,incongruent,261.625565300599,-20,0
41,5,incongruent,261.625565300599,-15,0
41,5,incongruent,261.625565300599,-10,0
41,3,incongruent,659.255113825741,-5,0
41,4,incongruent,369.994422711635,0,0
41,4,incongruent,440.000000000001,5,0
41,4,incongruent,698.456462866009,10,0
41,4,incongruent,554.365261953745,15,0
41,5,incongruent,554.365261953745,20,0
41,1,incongruent,1244.50793488833,0,-15
41,1,incongruent,1244.50793488833,0,-10
41,2,incongruent,880.000000000001,0,-5
41,3,incongruent,369.994422711635,0,0
41,4,incongruent,311.126983722081,0,5
41,3,incongruent,277.182630976873,0,10
41,3,incongruent,293.664767917408,0,15
41,4,fixed,293.664767917408,-20,0
41,5,fixed,293.664767917408,-15,0
41,4,fixed,293.664767917408,-10,0
41,3,fixed,293.664767917408,-5,0
41,3,fixed,293.664767917408,0,0
41,3,fixed,293.664767917408,5,0
41,2,fixed,293.664767917408,10,0
41,2,fixed,293.664767917408,15,0
41,2,fixed,293.664767917408,20,0
41,4,fixed,293.664767917408,0,-15
41,3,fixed,293.664767917408,0,-10
41,3,fixed,293.664767917408,0,-5
41,2,fixed,293.664767917408,0,0
41,2,fixed,293.664767917408,0,5
41,2,fixed,293.664767917408,0,10
41,2,fixed,293.664767917408,0,15
