PC1,PC2,SC
-0.406538528409751,0.952094171943516,484.412139703072
-1.36238288149967,1.88590468166367,423.043452065676
0.187011999324112,0.363050520458236,293.10138933686
0.02689902909243,0.700859651901844,259.48227248213
0.230901442171474,2.29740336973482,276.738917027917
0.439132781247948,1.89082963781213,298.025767931672
-0.358766674783631,1.41947649093219,310.20800768936
0.375909322978217,1.2922932571613,321.216479692002
-0.457414545633962,1.15953885524006,339.516425817249
0.912335740266396,0.800579337853655,327.712982837234
1.11178740747924,0.137154073291334,345.299362379891
0.176933122003365,0.674326493789019,381.70391743992
0.114709347528145,-0.215958334798063,415.333140604015
-1.15701920326953,0.556975481407142,455.705595943693
0.304435501165698,1.45010684268647,427.962041818217
0.90626659076363,0.0139655977043385,437.197930664175
0.241490792523104,0.380547783678523,473.109020873125
-0.835763560233275,0.938425365601738,513.31315361986
-0.579947651582532,0.548068942756254,527.273752168585
-0.969666918429894,1.26578603058749,594.685405428013
-2.29850325289597,2.14169187684066,656.031621656028
-1.93441765137325,1.08793231675384,684.199809652303
-1.86137466986267,0.366849235017448,690.38304161878
-1.50378345165195,0.37899031044609,734.364929986766
-0.306713495894722,-0.958407886361176,734.278902011931
-0.244811482947728,0.84826295315487,314.715134264453
-0.582034484730485,2.42506492877059,298.71453524115
1.11128522636278,2.66546938577098,216.015656951775
0.1843591444675,0.877656043427471,297.171316474797
-1.98686441027525,-0.142855116327005,480.202566650674
-2.146287133764,0.344402612437195,598.965592981982
-1.8225019229405,0.408271968840938,514.107358739312
-0.752545215057521,1.17815183776327,276.975843685951
-1.95054569101012,-0.0735087637301334,438.097096111381
-1.09072386127893,-0.325386088001214,368.498576051158
2.7482316243935,1.51925922767836,252.907254938415
-0.187827529190624,1.60178194847698,358.075234148762
0.821464109775466,0.957198027808124,306.300274866382
-0.217272239774037,0.929234861853644,352.826369578263
-0.0524056583530128,0.683780457249097,383.719463106802
1.91372082489894,0.818249483800827,337.696077548883
1.97666958505555,-0.652335507567086,352.848199237466
2.19296884433819,1.00569551577821,374.795876959725
2.88834586682094,-1.06925330517209,386.397787950577
2.82494696568247,-1.04870226558111,406.964886542226
1.63952492440641,-1.24090177850148,425.52868916957
3.32606165837838,-1.34026705301818,444.915904589973
0.704362379675529,-0.713761856940631,490.166271281283
0.16676985452753,-0.498459963602532,522.378938989165
-1.22724550882997,-0.8780885549219,575.375820913844
-0.318450603409098,-0.731492127210616,586.421392182378
-1.55139884468773,0.0493107759795706,608.689821343431
0.257454623792053,0.705182198514347,658.963908383206
-0.878037150019211,1.34278571523052,638.216582179944
0.494611043863155,2.68726934095388,543.252985385188
-1.07728311370004,0.798584754102396,536.207925433814
-0.0161194454419631,1.78034666472709,652.401049748916
0.711819055151479,1.81345229590563,365.876222741042
1.55474737964385,1.88517707851183,351.40814707065
1.97351589761881,2.73759481007959,272.92543217242
1.83939817825659,2.05707785959668,286.380235878902
1.64752337481806,2.81211214482362,275.115914226141
3.04582262807278,2.72053035592374,252.351040953081
2.00552519472479,4.30440454849434,256.704293742153
3.07331800713642,3.83759812156742,265.685030905444
3.78987705807744,2.61886468766283,276.978038166747
1.83393661526676,2.60838294293451,342.184692769497
3.55966258394974,2.59622323900458,304.973670773423
2.96859634459476,0.940338064223603,311.655234720651
3.70251482229112,0.925192979697572,323.209757820157
2.19962736994077,1.45961915374052,346.077545950531
1.04580433219673,0.834231611927069,383.729926358406
1.04788061870779,1.02755048771627,408.832579499381
1.23950357355797,0.87678696644319,400.542780169009
3.31097255567363,1.06404544045899,407.783147148894
1.70275353685845,2.55306166989089,477.67375836567
2.9455365482856,1.17449616754706,472.477485252345
2.55499623804455,0.750104467524996,482.995640842801
1.31446208974334,1.06132724093191,524.711854195995
0.0589225938445254,1.28047867267708,590.14973012625
-1.58527251058148,2.12171643996366,783.71321207856
-1.49879501590724,2.15746111724992,747.550446898222
-1.67284262176029,2.16265015229121,790.266065319694
-0.556313370717109,2.23030213478709,695.517397179789
-1.04470970742832,3.7810328851613,681.271176999196
-0.691627496827742,3.1835958881885,626.146675495316
-1.3673202906837,3.03270183770229,646.590328056025
-2.83528511041642,2.27828079811554,626.576260083452
-2.26002620542335,2.62735398543446,792.69620959471
-1.01401305426682,3.08433213531179,456.88630962219
-2.00977396871984,3.51079013410498,549.523645509993
-0.506417079772776,3.40867771594887,347.844572917669
-0.847941250387746,4.72912585099714,275.033618023474
0.282989082139085,5.08590599308484,290.66471707969
0.432770104411368,4.70736301294942,245.502886044772
2.76062272661455,5.10411575025749,237.767851771174
1.36988354589399,3.46904196110356,311.164905689825
2.6090033182931,3.77830754478315,276.069485497527
-0.585723695641947,1.94560208649736,376.989483535495
1.44584241656284,2.1485583048117,336.432631851442
2.15231324529506,1.31408464555887,308.341570605591
2.35187843964155,0.810221254989879,348.72968874246
1.49276865541464,0.733436301784156,355.581984885143
0.10302963299648,1.0057888752211,384.067129855355
0.803179038695808,1.85913454284888,435.6248054969
-1.64669083503192,2.94516221455796,555.008952016005
1.05862342081332,1.00633311346815,454.249141472669
0.772598585180823,1.30552299658888,466.443874134971
0.168246292571764,2.44157143754434,550.218784650606
-0.0923320513217062,0.565854103556957,549.898048103907
2.07256547496022,0.435005525976576,292.942201688184
0.54242122245123,-0.11073251605866,449.364350880164
1.79823467896694,0.716218299514455,303.32420137748
1.68090178788656,0.646600858860077,261.09427661118
1.85417844235949,0.349145532955418,294.263041484145
1.87765770814108,-0.525305537077773,355.612355395759
2.36208535642361,0.536380415310403,253.138382605097
2.16428652253276,1.38389324209459,236.814228590992
1.5514090635761,0.733107393417246,341.391950404761
1.2996169074158,0.429382103511007,432.021509681699
1.12927405975186,0.667134920526341,286.270214779096
0.344118417676529,0.391652342351332,420.940833961853
0.206794742472564,0.232984821542234,390.401556899089
-0.447950026306582,0.294240238512992,487.399747908446
-0.410466214934803,1.09477349888024,522.535428608318
2.02287993514836,0.771887965835362,273.553236110336
0.0971010785046398,1.02155384905699,437.788392629932
0.855828805109052,1.52675455002382,338.887976171283
1.43305594645356,0.916145145977059,285.791145935946
0.611240101431757,3.60704895057175,289.877630897119
-0.630284221090514,3.7755766925725,363.985437026024
-0.487530222318988,2.3783604328466,350.761819210743
-0.49956479555301,0.89174236816718,385.905226098652
-0.703689891067714,3.19301562741283,360.87738578994
1.41416098294309,1.41921743338827,326.705463151309
1.15867899243868,1.21062512994857,404.225627973646
-1.87149720168305,1.61613409021422,1038.38560922623
-1.71227034302248,-0.174284974402014,937.400466588613
-1.31200212267235,-0.053109480838342,825.49761259022
-2.55574033144289,-0.00308657687054204,1075.48667036815
-2.71321857958634,0.611566140253056,1033.98904612305
-3.47205619506271,0.348208633424118,1092.9357545481
-2.94172522067641,0.404309520249681,1169.86859681896
-2.78295097460949,1.27629879644895,1050.55795213932
-3.880407154937,1.45254225006551,1178.35530664226
-3.6692051265916,0.450557306721334,787.876509810124
-1.22746947936449,1.12762109121933,527.203181662835
-1.16408912209015,1.4200148978905,502.498518829381
-0.931241851859389,2.43075626470703,576.936798337105
-2.68876081359778,0.930041818645898,828.403823738214
-1.20653116591463,2.20309149838678,437.429325800261
-2.26440037336646,1.83187746054227,682.947626545134
-1.8412610613828,2.42322142503161,764.637467886968
-4.96587783388302,0.976474451915965,1468.23493392647
-0.710211731552324,2.49762397513105,411.606914798979
-0.549119922970674,2.70316839123179,460.35689067018
0.276068239334887,3.9927954548193,406.597296321478
0.0768941104392374,3.91305844046166,440.625120945834
-2.57886165077366,2.78854525876302,701.902982546729
-0.0904426952537286,4.44451529547698,427.228455945489
-1.94184282993776,3.36641362929159,683.800526785348
-1.86816840597007,3.23529763468928,619.397526539625
-1.54019459868018,3.13498459224524,571.382855187371
0.432224160459775,-0.088509476742547,772.014982378126
-0.607332313677839,-1.60734553220652,809.392482353902
-0.816311433539629,-2.06688039118692,866.001594270924
-1.82999641558375,-1.92440185282379,1049.88393832921
-1.11048556495203,-1.45954490686092,989.01594905006
-1.5672465890715,-1.28428374878361,890.946305315551
-0.812016964806371,-1.22851078041748,912.382711389808
-2.18143919835032,-1.20143719479586,831.372034804266
-0.544321753774759,-0.85195831638835,681.803284308632
0.223348890812066,-1.04288085626028,495.43963795512
-0.391454637927506,-0.138897179994839,586.40727932024
-0.0432775829611872,0.831779094698063,707.695403619581
-0.638350429332345,-0.276254006637227,661.20704604652
0.404345484831482,-0.332437822085835,474.522282102367
-1.50355639327812,-0.084291828365187,596.883830443017
-0.118474416996885,1.3732522617433,360.76372836668
-0.162474772694893,1.01708945525969,420.161148204527
-1.36463723470709,0.818208282509623,572.225820821611
-1.35896613405237,1.33166884073719,621.008361983326
-1.07078286033489,-0.111174801913628,691.578217290601
-0.0233244958365714,1.76098511206406,355.395833808242
-0.998434347477107,1.19770699982002,372.214904587922
-1.65180006522332,2.16816687055829,398.251214970923
-0.0275494521795841,2.17052803810209,376.801403474176
-0.0195008270905458,2.16060238324995,454.508090219846
-1.0644541791491,0.432855583107544,434.680899132403
-0.222254202948911,1.50136229472338,430.146068144924
-0.914069596642696,1.05580568787281,618.616684463302
0.235935559549931,1.00485962567543,285.142578508793
-5.38300232325212,-0.00443875717382086,1379.51456543195
-5.66571373569771,0.229518605011991,1452.70133492232
-4.31415383333547,1.09931795652474,682.054913051368
-4.53351119209963,1.37547177359179,700.389912053647
-3.85987553792795,0.980245986343764,520.229175971487
-4.02808872829046,1.29994967164798,531.264733712144
-3.23781067539301,1.95269123788739,399.819696099335
-3.29526839237272,2.33819067123763,418.260721167796
-3.84287047924115,1.11862626665902,372.458347553045
-4.07175076805129,1.52016046284598,389.9046289911
-4.270019242149,1.77051764328359,520.118249630562
-4.4125087124092,2.10138190005498,543.877129291723
-3.37670309560964,2.04402093211858,396.720510729485
-3.42855273127562,2.29346657502612,407.62354792634
-5.00051378726497,0.746574538814567,705.266593994924
-5.24722518620932,1.1932116521335,747.567128272858
-3.45340502674881,2.4423434633112,453.226638351656
-3.58809343949086,2.71766664353884,477.95242565097
-4.52049022542518,3.8006068255764,518.164506095655
-4.3950560618208,4.13547450063404,538.849465726951
-4.42447450159718,2.76330130966246,567.035659475534
-4.39991284725319,3.02343739583208,582.169663078607
-3.40433150077544,2.7315895365463,493.516993312218
-3.55928376017829,2.96227878724104,534.747525391026
-2.57319209283264,3.22956767595267,518.986094779045
-2.73777238832353,3.46142821681966,549.833134664989
-2.84990084581217,2.60927339491523,559.100557419251
-2.92682474071282,2.64453627013155,589.41935419157
-3.67977410577895,3.15400367887274,673.073995926225
-3.69562738184979,3.23308550214083,706.117725063446
-5.30591126283333,3.57324317031548,994.6909592596
-5.50219572167871,3.8188149771679,1061.1038087006
-3.36160844806336,2.37165804647761,764.819068123739
-3.43427618073115,2.40974369207901,816.951390551507
-3.37492976790608,1.97204353878591,854.195196437648
-3.58167309664818,1.85644054629599,895.550840128869
-3.65143223312734,1.6974566373631,935.714863148456
-3.81566476197693,1.52864831282913,980.328147416715
-4.28150712669344,1.55030494907286,1044.07706777258
-4.42915771941062,1.49608383426258,1103.85377673257
-4.53859851401786,1.51611798235039,1145.15561497048
-4.67100178575003,1.48869181881499,1214.00446562859
-4.57601504279653,0.595568177119792,1225.41866194278
-4.74848684713942,0.719998910098163,1299.55433665001
-4.3262724921072,0.189643199333454,1291.02480037793
-4.55570047771795,0.345319743403237,1369.64030207688
-5.15564443892847,0.70300127450747,1511.58216194989
-5.54341873054702,0.941912858543532,1601.80252688645
-5.60662379819279,0.301787862720519,1613.47306049808
-5.94187837076507,0.565189642613871,1711.1830533148
-6.40334408351026,1.42577230988172,1868.56020080205
-6.65815012054538,1.60032568366156,1979.66314374212
-5.87719833441397,-0.254398881871894,1501.22180178317
-5.21493317127318,-0.503432818283439,1609.62799207029
-5.63091642756087,-0.34318342819318,1717.41422973459
-4.84035588171328,0.0902569520047522,1406.55369848553
-5.15514397590921,0.23909167721334,1492.14780973254
-3.786823487117,0.114148714389974,1004.11061664378
-4.07422593770672,0.322606973765358,1052.84467315226
-2.58589015343221,0.770004776530856,546.169498877275
-2.8437294714156,0.969053752321435,572.598851836661
-0.988880860414043,0.780172449470554,220.370160714004
-1.1852060693454,0.938181525014666,230.048935907659
-2.25081992062412,0.0345049747256824,384.850820556299
-2.46121009170849,0.258374300662336,402.894807739868
-3.24620339576515,1.02749873583003,524.099141571723
-3.51572418241144,1.19999965267849,558.40179012472
-3.13846302992344,2.3755351580973,352.976996748874
-3.13815266249267,2.66464037420588,373.554528158026
-1.60255693296184,2.55365995961594,286.187748642628
-1.70035289979689,2.8501403148287,299.90252459924
-1.82697433836604,1.59527659679719,339.444512103247
-1.97256242866876,1.74016780259607,363.93880464265
-1.94529876743607,1.36579584232953,443.001365703859
-2.05922013118558,1.5243065214992,460.490741955285
-4.34225603816748,1.060849007841,696.446470142291
-4.52436104683155,1.26411778606555,730.113195587645
-2.95038198591916,3.28999084472344,571.644800803961
-2.75034502690972,3.40057162800923,581.439693400387
-1.93008663309302,2.31516027336313,473.628992396074
-2.11464935620531,2.40652335740994,505.857636868793
-3.28720045405764,2.85928997679309,679.612628965625
-3.28347209332574,3.10089675746426,719.996021483691
-2.54181302473562,2.15512021637239,595.907928791935
-2.68122228983878,2.28084985703631,639.3340945756
-3.71423568750986,1.61773994106058,698.093707839461
-3.8278779330988,1.76981626936547,750.754053930852
-2.39788891308217,1.57735529034386,644.699920173263
-2.50489891808618,1.53683030103736,674.595344668044
-3.04252101691507,3.06632345378827,767.123764082072
-3.09488539938887,3.00827098786027,822.412451719024
-3.12860623261671,2.60802405579827,821.106226169385
-3.24100957596515,2.59388592544069,880.588242313788
-2.64410709537202,1.87403023068536,901.919809617857
-2.91086583907974,1.77925999695595,961.699631303793
-2.74079816151644,0.355306857342864,939.004036529221
-2.30405458071444,0.347112338266132,1058.33110443381
-2.54457852317794,-0.379715891928429,1235.10834138826
-2.80631551009991,-0.332832989093905,1301.2097559036
-2.33153594985921,0.441102283029394,1131.92546125536
-2.53144008483736,0.602540140370155,1197.50455441238
-0.815079021197573,1.02522603257785,542.984693669205
-0.991096672606811,1.14720004279096,559.896489050574
-0.384638115758228,0.822091307584109,525.261760256395
-0.548825526204796,0.969619755704327,545.518312063866
-2.10378934436527,1.45149888743975,650.183942939723
-2.21419388976864,1.64165092963487,661.059559217688
-2.4000611704738,0.346015427425789,747.637587232468
-2.63485637509281,0.550252275814405,768.874167654709
-3.74085133841258,0.343398814641111,1069.98635066625
-3.98867106650213,0.478347727952704,1118.17889207649
-1.71323919448231,1.37053058598758,400.650673415511
-1.81428329943995,1.46852477768217,407.603353267911
-0.99220361600168,1.1724972409754,296.165752225587
-1.1052070959903,1.32590767124871,303.077810163275
-1.62896662501102,1.96567536306282,325.49575610947
-1.7394940906007,2.14421710159336,330.362574538313
-1.69779179859221,1.99503537188265,297.471257033579
-1.78488980810531,2.11284673265236,308.349748502927
-4.69303373899733,1.94156842133219,950.480783692587
-4.78913928839142,2.14029894802319,972.576366515404
-4.71804816055038,3.11782795839953,820.28172100572
-4.70073797527762,3.42442097452914,819.920601603884
-3.55255262920199,2.80765744046632,586.407507933795
-3.67230435425212,2.96555461984107,611.953124640631
-3.4115624010432,2.50030725825762,603.371521475517
-3.47280763082669,2.70155181335421,623.001405001506
-4.12962428278714,2.71966195461867,657.319654830996
-4.16729553619676,3.05431823420017,683.165751521875
-6.74393439912784,1.99312608339363,1435.27317485245
-6.9438022471999,2.36663914123817,1503.20194935959
-2.23476496654643,2.51888674517796,447.439967301667
-2.30704791929212,2.73113591725213,469.11717759147
-5.10374176481422,3.88517026912222,919.153966877692
-5.0192239658945,4.2015951901763,920.800892677401
-6.07525985445086,2.88026209787279,1259.48631336487
-6.19830342410251,3.14049699574125,1317.24588410758
-3.11705772065244,3.06415487387122,673.600527156599
-3.15279819588173,3.12858168943048,715.717209524084
-3.61900031399448,2.76566144149456,755.774078093169
-3.71802591850195,2.79362016235009,784.277246634957
-2.10353875840639,2.35050036331164,569.019616482737
-2.07154519820942,2.36856757178069,599.258083555602
-3.33343410632528,2.5857130491674,725.931420388104
-3.52234227309858,2.73848313587826,779.957727258419
-4.8371985261828,3.6029543287344,1110.74968907356
-5.02977033246804,3.84982061824072,1202.949367921
-3.45618647759037,2.42696951082714,923.321612544944
-3.53067434576501,2.36812802199724,967.733184001261
-3.69224198097693,2.27623335772465,1012.49630326918
-3.97023171290771,2.29412869752065,1085.78315565955
-4.16626895017568,2.25271820992389,1152.63044768946
2.93671264188947,1.63480068941851,393.907404484949
2.78586896211338,1.36482397921025,416.377858888364
2.56943652360814,1.12611954291847,441.827946424457
2.35833275198835,0.933523747408301,460.59310345604
2.11449148207235,0.739526015991674,488.582112305131
1.88571207389068,0.569361533971832,509.432475493733
1.87056149677511,0.94092909775701,430.05454390311
1.66868462197098,0.812906346601108,445.043972043617
2.10907483806593,1.76330895342377,312.560280106195
1.95403344078351,1.61088754240779,319.771757811454
2.40944632511599,1.51300088227255,288.491842722587
2.27921296138603,1.39184660680017,293.440228052853
2.97482426387218,1.25890702475181,118.028383602477
2.82138424583677,1.12486588865345,117.259938211289
2.4625019238143,1.38729084790239,115.188921537494
2.34380756713317,1.22359200142961,114.021266141421
0.870712858706511,0.869690671117961,211.279655575973
0.74104435707472,0.87475134465538,212.667345042905
1.29611047068515,1.34725560626386,174.020724567553
1.24775897055866,1.25910851358288,176.407316728015
1.8290542074923,1.17874768869389,100.750428169289
1.70515968334977,1.10717097698615,101.985013693685
1.07385613926122,1.80299563959647,146.319331007195
0.972502888599013,1.73327354241321,151.343189971544
0.0676672792427543,1.36564317661,199.995774439582
0.0321120974391929,1.34885104639281,204.522544606279
-1.10854310725168,1.815610163178,283.336023504226
-1.21081922734744,1.8535131626028,293.189237306618
-1.99844780699084,2.24239135800933,226.80579702672
-2.06264302459026,2.42343613250756,232.327693281807
-1.83807649751059,1.2954360017245,403.364967775807
-1.98421470523548,1.3717515242663,416.584282077294
-2.93522238516148,0.667351265858048,589.236826290427
-3.09291942322538,0.792678178316616,594.604590028049
-2.73555819423547,1.67344168385265,581.548233358676
-2.81583368338774,1.6440928245776,599.869759363628
-3.60185592199367,1.05414781159354,925.221438145139
-3.730638927283,1.0526102515008,955.523865585394
-0.848525515942657,1.81533627448884,248.814342854094
-0.867175028444268,1.79420783605235,255.904162498007
-2.01717524308536,2.70580323906603,322.550224026477
-1.94627461727368,2.73383860709488,328.751830090701
-1.92014746769216,2.73694887614195,334.00236666957
-1.86152769637513,2.70536027891978,339.383394740846
-1.80292641933143,2.70421412628734,346.688437444166
-2.70935790646661,1.06266098270924,352.321807671413
-2.6951441573803,1.35381358503082,364.244573542409
-2.88900372575645,1.57122978699407,384.870870937334
-1.31806862321951,0.783857441656436,354.364639002893
-4.88996433137804,1.85014769282198,461.489758424062
-1.65442781840746,0.523049588517188,382.937300435346
-1.75619052794315,0.804791822483577,402.966839089248
-2.28889209653007,2.00451101018246,454.343904764913
-2.67271519867175,2.28943221443367,498.646111010481
-2.40397376085542,1.3603918383482,508.121957797055
-2.45470430037578,1.56892997873146,533.335301000021
-0.977181300003648,0.917580965683406,553.155920050637
-1.00305678861329,0.748582605592286,582.978102150566
-1.33484273117745,0.151960216408299,580.813354167924
-1.71498901706092,0.249592753361315,617.65001253704
-0.958077710698969,-0.861581527712292,637.184824119832
-1.17189019456069,-0.930743245726336,676.887372065836
-1.34816663181216,-1.03669733601164,726.416516843863
-1.68850682897399,-0.999921910410617,770.238778456011
-1.66599019458117,-1.8303742614931,802.342773714308
-2.01806225677302,-1.69808491048077,852.069494089722
-2.6342466356999,-1.72440550612925,902.864879640544
-2.93944705660235,-1.81615892727243,954.928490158752
-2.78689006562511,-2.31068335806561,1005.14453667802
-3.11562082481088,-2.030008007198,1066.60023712183
-4.09779412896689,-1.85654536559399,1147.25567650339
-4.33233500781455,-1.61098832949361,1212.46314547456
-4.4858236141191,-1.2475294310185,1275.83085679077
-4.75659796241111,-0.972982486919737,1352.56251696155
-5.37777894678354,-0.282902315243596,1439.56850845974
-5.64021366593445,0.0426405517116631,1525.47873399236
-5.88094871619865,-1.48829652133328,1582.07293271959
-6.32281476730773,-1.08995163493608,1674.87115390107
-6.74094356192568,0.0783539418459968,1778.41976876217
-7.00547875640221,0.51122175089711,1884.40160283332
-7.21698762182245,0.949902418970883,1993.23611723773
-7.44837722930576,1.4099898733091,2112.21144453787
-7.38606802773992,2.20050766204996,2253.53062326427
0.457771910739759,-2.34306878753635,209.973853084269
-0.0152133038200903,-2.06369546616232,213.541974095415
-1.05355082816562,-1.88654024202615,244.390478774768
-0.092181324332028,-1.26663276064631,205.175769415462
-0.319242453186736,-1.00352074591916,214.313304516689
0.248903069787764,-1.12350373047362,209.010537679286
-0.44689675774246,-1.03701853587826,227.568015945192
-0.0716288607030402,-1.24631616220067,263.41374804659
-0.45314258522275,-1.22975052377384,280.630390170485
-0.220667061093381,-2.59985696119916,317.699291922631
-1.07626047541074,-2.44837066100301,343.786925463293
0.152814307614731,-1.25236778826227,260.425288672531
-0.233526014998783,-1.16204776950871,283.272411462688
-3.02992633054631,-0.337263007026964,374.731528548405
-3.04133722317929,0.0128068183112021,381.87688021868
-3.87594810295822,1.59505597024916,516.5552883423
-3.91828175211242,1.65579508157537,521.268739346244
1.19673123126915,-1.19186197262967,335.28965943378
0.862579941770632,-1.18372881428747,356.029840923737
2.48250701292719,-1.05247367693399,357.581307455821
2.09923825147318,-1.03696741798195,379.387014822665
1.82741133726077,-1.50455225246838,412.770552980817
1.42643905268626,-1.35619414102138,436.776316880819
1.79622567670006,-1.48727136525172,453.85235862836
1.37947121724154,-1.31069748534834,482.347153918869
-1.09692336133467,-0.469796285515975,521.021004963156
-1.1639065663282,-0.451878130470861,552.116095649472
-0.253026316438731,-1.03055274901608,573.668057145586
-0.475817111115114,-1.20612925122991,605.903174458144
-0.841218938492962,-0.156016769072982,669.494275210548
-0.967089364266639,-0.543280163032104,703.040427889753
0.177990876181645,-1.35457954871759,739.923238647414
-0.212293224278986,-1.54839613701701,787.507014409751
-0.0228922638988385,-2.4709900725444,812.696171736204
-0.756630439919639,-2.33604593059724,863.3300063736
-1.60898726724488,-1.9382750121386,902.031127522387
-1.97207416561633,-1.96775237833947,957.781714828976
-2.76915280881579,-1.57618159741313,1021.70905240992
-3.11444221597517,-1.42478475615544,1083.6435755243
-2.94801759136427,-2.28164059073342,1172.83410091273
-3.465697014121,-2.16814260933762,1238.90952339935
6.61529505282364,0.939000329166917,117.649191855793
6.37716684131699,0.384628751875497,123.61299581347
6.11811516877114,0.149579495653749,127.503796189419
5.90794569927031,-0.31468985354019,133.541203834963
5.59438276579583,0.738461461101684,128.330698337269
3.12182722168394,-1.33418966011733,144.118704287891
2.87692477490544,-2.15410999987792,160.8655375221
2.46275748705649,-2.74392432428887,231.980824412701
1.10989239217515,-3.70538350630435,260.074129160623
2.41174255287855,-2.3808043387806,224.672049653811
0.978772127558126,-3.84919473871572,266.924710439803
0.395268792561747,-2.54071261602318,234.164651758698
1.58339271690282,-2.87887995114312,262.070970397248
2.14781912243368,-1.67688597482763,217.549097283174
-0.165413919517989,-2.49344259017529,285.418543545253
1.74495361472449,-1.95932341116812,222.33116216667
0.680054323427258,-2.37769977910625,259.055332883414
-0.608468747377362,-2.3332073567728,278.833704521819
0.41078252480307,-0.629623832346869,254.238454353983
0.545600829344232,-1.19820686729748,273.443878443904
3.47551813841751,-1.14219627866361,270.807370103301
1.11035754335829,-2.43044849115944,300.045238565025
2.89703750807218,-0.599773329278465,302.363654943442
2.70010207427605,-0.613425263852828,320.145006353451
3.23575849378281,-0.385722200211983,335.570921570612
4.01742997043013,-1.85430962015895,354.772649465217
1.00375168190187,-1.33348069012358,381.146314301147
1.05904233162783,-1.50093026892092,401.833070277261
2.86284221445432,-1.86661965722823,421.021712947999
2.253298391357,-2.07087557488304,445.638947732653
0.765332387734692,-0.385601343015988,477.511389122385
-0.35470221879432,0.744566750437131,506.835487941863
1.04091735146472,-0.990140026425153,543.646554289686
2.13444623900659,-2.04990070364311,564.431976774789
-0.848772178029215,-0.912112569067673,614.062443392969
1.97695257563274,-2.6374817930899,629.657601849004
1.09728696210776,-2.23159082342302,673.007745065946
0.176635729099613,-2.23833728231052,716.452806905526
-0.201780473785453,-2.03781754676218,771.961289466602
-0.455973009373284,-2.73436693233403,825.265440462961
-1.01263456949327,-2.67757419679794,875.231026710797
-1.46302954718309,-2.79646009345795,922.99031560067
5.30777461096329,0.105404835277808,107.986860443826
4.91750163538284,0.103346841543894,107.65175220519
4.16803092274929,-0.833207666539795,134.294982281121
3.46332438107633,0.53286048815789,127.389569707605
3.08471196977623,0.159937619048101,161.390956918085
5.28044771615975,1.72891556778554,101.207345284615
5.85700320859636,2.1360522800476,98.3340981183124
2.85501193481128,-1.21200016445688,204.40750609031
5.3248045583021,0.920260606197981,124.444960041783
4.46448296572098,-0.0154530239974673,130.30302811852
6.05560145923894,2.18773482177131,114.000243313307
5.82696598905981,0.667393579670936,129.449709602036
3.40156267182472,0.168094005281657,152.748916632434
2.42810369724701,0.797403168034174,159.193897857803
3.35882055781892,0.699325418359992,160.079521899535
0.686202842000891,-0.0268655083736308,224.348998417031
1.02609012316849,0.265705025179718,199.372602211703
1.26816077351881,-0.543346441609288,214.871602945579
1.72292094531683,1.28402560457375,193.748024322446
1.78649809781145,0.511997120693171,214.409218281653
3.67486828200922,1.06133455233751,199.265864277882
1.38295379503154,0.391578308387354,228.95032775509
0.715191453147351,1.1070300248621,237.446954782882
1.71521259883892,0.149552297517641,242.087506775061
-0.50451635412348,0.649624299252326,280.856221709411
0.900648343795675,1.12714311638872,280.826970972318
2.07614462553949,1.93663064558287,279.0305426141
1.33654421920172,2.38565721992058,293.674213952676
2.49205891286867,1.15193963324112,303.573993492879
2.19926565015805,1.36506410744108,335.141369589003
1.2798683228661,2.21988817987475,361.548755899247
0.665581138125038,2.2505265366879,400.19045444527
0.255237796955086,3.08560116552434,409.459176558368
0.940006999104937,2.49213452338433,428.830412375827
-0.547794866564292,2.88529120559671,495.238733219382
1.2172790579519,1.77352183807812,480.782345540647
2.73742734280087,0.601758869327,497.996869021142
1.2394414045265,1.88299617740173,550.186532928453
1.26104617075097,1.37614940545484,575.745474450853
0.251950755504661,3.8118032869787,298.287813013944
-1.80419634742889,2.14549759035278,333.876790502851
-1.820142737071,2.39384864377497,354.222677155801
-0.791699429704473,1.79647271735381,364.284014331085
-1.47093062726214,2.12221738851493,406.182154663697
1.9547074070141,3.1020043427219,369.438903158969
1.10515623351564,1.57371474125419,389.367606401436
1.0063034614143,1.53929630827914,411.675639749921
0.0971092026736998,0.669603865453195,440.466556130377
-0.375548909807902,0.722453425577906,472.151994651762
2.09568475857521,0.480409352723019,477.251973526966
2.0239721086079,0.245207511364827,504.657238423492
1.32526113540808,-0.0970219958525518,534.313258605377
3.14226400832922,-1.57979995371023,563.029042850549
2.90153484533052,-2.09487002758632,595.758984703846
-0.364876335474878,2.05868345536373,695.157589333976
-0.116152787278657,1.32351636559118,722.284018712487
0.514229874864832,-1.07975793937591,707.742887101598
-0.422132596853988,-1.54688476116608,750.345913188133
-0.692337583174916,-1.75309036979387,794.63508920265
-0.408255148001428,-3.11999781500325,846.236100205461
-0.804827819954313,-3.24843374444318,895.760873654504
-1.49935000829767,-1.4942065178159,953.853143658528
-1.83443375325996,-1.54294599895526,1010.54391541701
-1.94897790857875,-3.12875010915873,1057.99134359858
-2.61568147834951,-1.95943714220245,1129.82876706425
-3.05490167379812,-1.83616637149884,1197.25394966484
-3.19387592320703,-1.45582868033019,1259.0334561204
-3.6132232335744,-1.29800376027697,1333.87578488287
-4.18811279163227,-1.4947871514776,1408.99622726722
-5.14718865469639,-0.732171590640178,1489.27132389559
-5.57275730878038,-0.425122415109024,1577.47297507019
-6.14514596539577,0.301781826904936,1680.5714892418
-6.41301801408519,0.624762158115819,1781.03227618071
1.76669555065444,3.57055318549756,208.732639128555
0.232655397629006,2.22386000521168,210.378030107974
-0.147895712201635,2.49017329671844,222.53417004186
1.83000463262099,2.79554834649068,229.976323650716
1.30890694324663,2.85958566759369,246.00239311789
1.22575345549523,4.70564138568566,258.877731634787
-0.527936727328888,3.94534045046329,291.258999977862
-0.342018839001578,3.97284707395167,304.52515592146
1.28937054353986,4.22161906337282,298.812054239535
1.61310775598703,4.0389015212526,315.049170104453
2.86699447926478,3.10552338444508,327.005744890354
2.6656648009976,2.83440635628488,347.137639938292
2.02250203844717,1.65440265878472,360.430018908028
2.29809517001536,2.45453218024999,380.13849865094
2.30289176455899,2.2171938154495,402.277809684973
0.18463879276735,6.60802201926181,491.261267886299
0.91000302116525,6.07669043662712,507.439155245891
-1.11630314124479,4.92080399483918,520.786851198958
-0.81008596634941,1.97869602691996,544.754973351057
-0.755271685290912,1.80810757277601,570.624440776659
1.50186714076089,-0.101516049633491,566.320138404064
1.24702297371751,-0.400875235379885,600.199323974019
0.410151821323961,0.517239165966842,646.119200512533
-0.011807370589837,0.460423332194149,687.732706121785
-1.75439350106926,0.265666876687724,737.647655531581
-1.26116190981988,0.304224784967353,764.583508389006
-1.40929527628808,-0.0718085783976061,809.37705815638
-2.26260956283982,0.831093267187271,876.804741988028
-2.33244804687092,0.439519442138513,923.396576138096
-2.88574542371792,1.08916141432875,974.524667811634
2.47926332441263,4.08727137783767,140.235540766895
2.01625673400104,2.52217338604669,152.325481040476
1.75967152433285,2.4452626531718,162.09888769039
3.15858222650598,2.84107351407905,169.697795823623
3.20112181820888,2.98920949666229,176.514941805774
2.42364928926351,3.85670486728043,184.559197224915
2.737589887481,2.46435791021343,196.377804262565
2.27965143730576,2.57107129118877,208.933062944234
3.24252627038023,1.73075216235539,217.339312506243
3.09483612322018,1.54370555095683,230.236694063462
3.57609975113055,1.84379164297437,242.273034839089
3.31876569527396,1.80248602288047,256.871032485218
3.73689921187937,2.36338265967374,269.061437553064
4.03188196762272,2.10321942281008,282.755805066872
4.04776650384487,1.76173813064756,299.263703802604
0.315269015372184,3.17854177066218,332.310412758321
0.535730238002821,3.18497722596935,350.972716985188
-1.71689087030661,3.17250855911203,380.648392450432
1.26538689006707,2.71055725713364,383.019769755588
1.27427031274273,2.46610684135443,405.380034570626
-0.117158605531395,3.32103021578865,454.81271071758
0.0385560088459133,3.25888846030317,478.529151820914
1.00881576088889,0.777393935771739,473.363290843714
0.838290514333998,0.67198141757202,501.263130483532
0.240314789358326,-0.0442133673278546,543.875881649974
-0.653139845461733,1.68839368439775,581.887908463458
-0.715619278957266,1.42713779978388,614.622837263977
-0.797060966184891,1.01482856960299,686.509951316543
-0.940440568426718,0.802260885951608,727.819635519307
-0.934837330382274,0.67990477857318,769.427145321839
5.25809477706155,4.10530002038185,137.711116511786
5.74771584644577,3.34506154280554,114.585413617848
5.59211869694476,2.83469965700231,124.468493870283
4.85412856347096,3.42005802854722,135.533068184518
4.71602861984308,3.1390291237746,144.213242893934
2.8232587052728,2.84676367394548,149.426995096462
5.33685237520096,3.27672578498889,108.790128022556
5.08727696281643,3.09828348315968,115.475397802373
5.42014425544645,2.86062945516809,123.35058119676
5.15303927085433,2.48839992697941,132.651158381835
4.36161495186499,2.33348236098088,133.85975989043
4.09783313318228,2.08150867633322,142.851017959133
3.84149595540927,2.83445857359566,140.241862557791
4.47686817450475,3.06251030435949,151.031795790019
4.41797317815238,3.0398914710536,158.598712256475
5.0334011253627,1.71949921941241,181.165068376583
4.2427358034477,1.35726456453311,199.985979933039
4.48762265488777,2.56196573115842,191.180392241297
3.90095923574866,2.84777755722429,200.134902680055
4.01784318946013,2.8070269739348,207.975356149318
3.18086608718785,2.8693997639343,222.533020343428
3.228229389613,2.96581599380221,234.548635683103
1.29855521938932,2.58573131961877,258.354630189772
1.21633492106937,2.50876131547076,272.640123595334
2.34581820018656,2.78613306236345,290.410819306697
2.76145229188339,2.48120796112469,304.362886898806
2.51581163682266,2.32557042164024,324.143063147263
3.30043739534929,4.27620053111814,116.352854524055
3.5947993392151,4.3640090193388,117.035184682193
3.80647170870902,4.21962790898417,121.232842830686
3.46992245005609,5.01223241062325,126.301421213303
4.68336662219309,2.29702199331744,123.324347100158
3.42432034691558,1.79590508923903,132.215802823736
5.18463693358015,3.05339285740357,132.582980429316
4.90608659210043,1.78810075060748,141.186076625822
4.35272985100162,0.82089704603073,152.278095184633
4.50652163143701,2.10279074558187,155.693030878918
2.77604120378709,1.08096712649898,171.574574796385
3.87719509081063,1.80651602421784,175.055296903695
4.46438499960784,1.27117343065621,182.474189628565
4.20253416895229,0.479353134015004,196.210293394446
5.25858727780662,-0.0138049034791183,206.530381183659
5.05470206959934,-0.167709385671296,216.629913706951
5.18767049793668,0.136377558123073,227.398117342589
3.39611565007263,-0.596076783680951,246.101422722953
1.86242773792975,-1.03224170735185,263.879589302353
1.02351105422654,-2.04640233421419,285.204241646244
1.49450694596794,-1.34634516370427,290.984563794184
5.99715736701357,-0.0402090091848448,300.281996158617
4.21656545039834,-0.458536519927545,318.062547903017
1.82191488531363,-1.40012192616364,349.400259408851
-2.63137478185813,-0.895043231991742,394.834175668503
-3.71862154713269,-0.558840207789625,445.647234766534
0.942024665285288,-1.27456663284368,401.062371839863
-0.152994528744368,-1.34631595168872,426.754242914905
-2.13788950820445,-1.17336666934604,463.964933905969
-1.3172066615109,-2.07868911267001,485.434637560377
-1.92857591233546,-1.63101281382985,510.905146119956
-0.62329811886017,-1.28204660239193,530.904950690076
1.67462922317106,-3.16926242582966,561.411277554788
-0.803126075146681,-2.49197144081038,605.511302477347
0.242172292626388,-3.39299394852172,628.908318082931
-3.59351424253782,-0.127473819448715,676.319714120295
-2.40099561887831,-2.26161520095028,710.800082335139
-2.78643504257332,-0.868972484829808,753.891624147076
-2.92927701442558,-1.62119623789886,794.225107770346
-4.3190595824885,1.12864991149018,876.254793790239
-3.83578894586558,-0.22318750298176,901.821619120592
-3.82943854946198,-1.08764435977535,954.060890910813
-2.87175933150739,-2.51336086886282,1002.60843517117
-3.71496184868512,-0.756017624849227,1082.93895856217
2.82517976148014,-0.267548947024877,208.673877383392
2.61755455232512,-0.527560819997998,224.566666750378
2.3525141816815,-1.09584558761587,238.264089126362
2.09756833991577,1.09491313042019,123.113174482208
1.63240652884682,0.739164434671059,133.650852467626
3.76908243818556,2.69528234736003,118.224229162738
3.07892394366787,1.95062083688932,141.200494737171
4.76479058557952,2.50804508565331,115.447125610872
4.48288505013638,2.12449123794548,122.338761184705
3.69950789296014,1.89194927158656,135.335992221938
3.43383853290049,1.44348669330708,144.853656442512
4.7530549718652,-0.119109542095814,147.690023214506
4.70088578373538,-0.395226278520198,150.945435147368
5.92735412342576,1.85139149050987,147.528420445263
5.70475894311393,1.31365877375783,155.859447077424
4.1321260271537,-0.0847713207670889,179.735548651878
3.52828479737563,-0.424139390250961,194.487099062681
5.08452362439351,0.277589037301316,189.706388913486
4.9525860289588,0.0999135602131841,198.155172967984
6.12106046208553,1.58863758409154,202.784468056331
6.12675160873161,1.58530027715953,213.902148064978
1.62114204640138,0.41769357601669,253.214139506753
0.998903410354526,0.151395981543034,274.325380803364
5.39473334511065,0.509626268139435,253.43675699422
4.78465571285942,-0.00130413732147233,269.541104374863
4.10705142550114,-1.4124404724297,285.392591675139
3.87376413177783,-1.20799835602457,300.452178356303
4.58341281462659,-1.93178933385837,319.723462461824
3.82929657500516,-2.21950580002375,338.847718597095
4.53529627823608,-2.4122229437974,357.376416282521
4.31843239070271,-2.45105606082056,376.597805326226
2.42979659101221,-2.78086128767134,401.235660872729
1.6030190632417,-2.72449239649366,425.83615220555
2.54722575166107,-3.02342574728769,446.420103940675
1.96756674045561,-3.03517598381318,472.474007609057
0.156130347487275,-2.5704291974856,510.107437289144
-0.167154294392679,-2.28877401786466,539.396230104935
-0.788118966289873,-1.17406314242573,564.942930491126
-1.62494349006644,-0.688333925411651,601.114455506375
-2.65740679188573,0.515178535136124,639.692856900589
-2.47114522804318,0.356384673557857,673.77021490932
-3.73419765766087,1.97575536358728,738.063675915411
-3.74075529507072,1.93823780249155,785.398832229031
-2.87357445824322,-1.09528886357903,804.395326564278
-4.52241418704096,0.519440811368421,579.795299508618
-4.65243429443713,0.77512961575469,634.447048746502
-4.86182363944118,2.06727329236264,805.726373796055
-4.09416346287024,1.56382149694688,602.467090999239
-4.93172104034397,1.4520885155637,569.645757417318
-4.21587610724677,1.99517200715609,399.595341865737
-4.46647067681165,2.07795143862595,399.830615296297
-4.45783470713848,1.38351118574374,435.339744336868
-5.23785287981195,1.11146152164563,721.566162583752
-4.76031439238728,1.56042066239859,540.575431566607
-5.99962756775566,0.595799861507768,1061.0397049485
-5.54079057197783,1.05968704363211,434.831842270095
-3.49991993159038,2.14462893172731,234.223771194993
-4.43692718587947,1.33899268601547,330.128814689507
-2.98434196133836,2.38090387238973,211.202420604939
-3.70692551936085,1.87281523205507,211.292753398151
-3.93415296521109,2.09260802471166,245.124491576925
-3.07951300699119,1.33607749530546,231.942572365231
-1.65700782113543,1.34424014172607,183.882816240933
-3.02443978908816,2.54204942208789,209.610781734626
-2.40160629350305,1.5367793799618,251.955349561724
-1.79770861272905,1.72285262274328,201.96333833464
0.170130851292495,1.60108132416927,186.893341213237
-4.66918717723724,2.87353194576315,288.38410235404
-4.48710935109402,2.77126710475393,276.691046185942
-3.43051089384808,2.71639874446926,246.972063848413
-2.12938168866667,2.8357667253226,237.162344480778
-1.65795749073812,1.52984905535037,246.284835657924
-1.72010724530029,2.99339988817542,252.415405157837
-2.70134690006873,2.01426688610022,295.13338866262
-3.372767460924,2.09619096689191,306.3769957042
-3.42358346790979,1.3965817680306,345.352294055956
-4.76029139869197,1.44990619670998,402.599176316105
-2.98817905087875,2.13966292482522,353.130474085123
-0.672480682220059,0.964290731669703,337.32492227091
-2.80581210694614,1.21892174729263,383.882114223567
-0.37227302287015,0.227157477156358,363.084109400442
-2.64690386623462,2.51254727516367,411.872677064438
-3.80298081198719,0.381880209484634,445.047815322342
-1.23188262909773,0.227146675429009,433.971822302342
-0.66156173819731,0.988394590181441,456.263256179819
-2.21686970478781,1.54820688287144,490.576038651402
-7.22699173555449,3.06190065387441,707.804779580299
-3.12082388011623,0.337186046958022,560.142953665011
0.911646095223591,1.63159927792102,194.999620014482
1.23145369449465,0.849591595660331,198.191482685294
1.29736427000382,2.83815232766009,146.632769695196
1.76062782377155,0.306734878849311,178.738491701233
2.34762576656535,1.98138295439801,148.237383249208
2.14649031132093,0.168408087709593,133.664531284969
3.11975256959482,-0.257461401967019,118.514515388388
2.36041675072089,-1.5403540890143,188.633146513893
2.37747317220551,0.50292729664005,141.598430327115
3.5467966739067,0.205769277253122,118.582351192314
2.49034448835905,-0.561590929903761,137.549871191254
2.48480247873727,-0.869291893734842,158.518447422382
1.00068384078387,-1.66024629279703,177.32867026999
1.09132303157846,-1.5166406982806,166.815831535278
0.987573331828132,0.311061050071252,119.805279508498
2.72688745068412,1.42991702268991,107.720188780352
1.08857712830492,1.12170848992526,115.101992170953
2.01848363652542,-0.116348534295372,126.129665981662
0.101973562054851,-1.00138394657189,214.20665410883
0.557354172601076,-1.10463897830216,157.920879372035
1.53988393305168,0.542385246925424,132.743874358189
1.95783615440086,-0.469205076653144,129.611109750294
1.06360675962931,-2.18017582271107,182.0916682873
4.27131771731741,0.772548827135276,131.345055280025
2.8113948399272,-1.10542639968328,167.826629432568
2.92744846549715,-1.0637570816061,156.884149707245
2.0755487682881,-1.06772390018988,162.403538468154
2.15336507055923,-0.8092167661151,166.43724556573
0.942981260248377,-1.2794811629469,180.420952482647
0.364616125772589,-0.814271515376208,195.778652741444
1.82856596872939,0.672706023218712,185.398277436099
0.512943804281504,-0.392582433266711,196.646989639827
1.53098468244399,-0.108043055311981,205.525685507138
1.37658546946841,-1.37701990256485,222.879507600621
2.09214485676528,0.0485125296213529,222.259149524627
1.82483970771483,-0.812911171362509,237.365338370096
1.83396977706377,-2.1830241918955,254.020491999813
2.79730769880972,-1.63579318530578,259.79147360995
-0.985224195523797,-1.93470555482198,307.947185822422
0.598524619210853,-2.18903285882763,300.679742027195
0.383784944454667,-2.94017066643393,330.523390722155
2.61051746391654,-2.51334423029706,324.174372795973
1.7085714489607,-2.84532491032027,352.272585097573
3.00997733487823,-2.55088330524253,367.493790134548
-0.560784722986185,-1.15737327868174,389.475883452759
-0.0150995028259674,-2.5043252640482,420.696968393484
-0.388545608841118,-1.25517565170469,433.460184113974
-0.614531682308551,0.411596708601591,456.780216098289
1.15910712774097,-2.27586265681149,479.552177915002
-1.6575961689851,-1.08856626560526,515.782951186845
-0.29220475966604,-0.453354748057019,554.109946836337
-1.03298133043318,-1.37400021047463,671.395457671546
-0.993264643558978,-0.995492006176458,693.346541245006
-1.16010921461723,-1.2704622268227,683.840774185496
-1.20093443172069,-1.63350643206841,591.017887026631
-0.142149845304846,-0.358729108388321,482.609392587062
0.441432189367687,-1.41970182306908,494.629657859377
-1.07584457147527,-0.719259007618373,564.767118735901
-0.991439162261116,-0.939758936339002,514.916732889593
-1.10930028217322,-1.12499400683333,440.154190337244
-0.945487068244257,-0.548283146319412,452.45977439692
-0.951355721627596,-0.536739014676556,439.376185570123
-1.11764931867137,-0.858548277490439,421.940247361282
-2.02580460196059,-0.662555484628342,476.376905721563
-2.19196679185164,0.371299763206592,696.723972126192
-2.09630290603997,-0.343565648529456,655.072225015244
-2.82198595171301,-0.359754844183976,807.120140484958
-1.38538773160206,-0.574185660191415,520.45767199972
-3.75200508963599,-0.646060361787158,1014.71870789723
-2.18800079127881,-1.09728711368861,783.486671062186
-2.106368436775,-1.12004961225519,505.981413121399
-2.42882785488745,-0.293909495500309,586.578315796523
-0.135497011866951,-1.2420786343316,288.159711387329
-0.529474023383138,-1.22495849853002,304.806845617544
-0.497561544474641,-0.833466685821887,274.252009324705
-1.66030168712794,-0.762617201858943,380.286874551652
-1.91016868487013,-0.844000981932935,401.336331752214
-1.90228971733038,-0.815309515400409,360.658486654957
-0.89465930696288,0.192853348651096,172.20288552662
-0.568651741559172,-0.481768471207867,179.971282423517
-0.297291027126628,0.26346887168914,169.076466886253
-0.827631597058266,-0.120261603100651,172.053251939556
0.966747667439611,1.19631979657655,139.912845895602
-0.399629440089543,0.415854128633141,175.329182005437
-0.795336985361342,1.56958140490537,168.181116279469
0.605699698124802,0.851419035917845,189.05058966735
-2.17548688720354,-0.20279809884445,316.224817817451
-1.7134237938018,0.109213738721641,230.142311887596
-0.765145405555249,-0.185287941467994,220.773661668236
-3.59737467307533,0.987486534797834,372.611754362527
-4.45275383412936,0.836110009960454,728.577217555138
-3.78442374662773,0.088424677373564,294.099237268049
-1.47461223057358,0.607235396705205,242.945304215825
0.317683704420612,1.18222066607729,189.353764974738
0.142248768190194,1.17600170212462,191.701957779312
0.0216545403754762,0.485009297295107,216.257951673332
-1.1047528852047,0.801734044810392,201.056955631369
0.456540432655571,0.365423168073763,204.795280096684
-0.66807109122441,0.701246025980254,211.005003938617
-0.587013486371691,-0.00453377033469313,237.996718900146
-0.439775857445249,-0.0702767602299493,219.522620363012
-0.0813371744455424,0.205517618694145,230.229394630337
0.264032690692807,0.169129538912275,224.431609209312
-0.161447584677448,0.214882146318811,233.732962005654
-0.280463908673037,-0.0277930639303232,243.50034590716
-0.251444084399607,-0.129185983694848,254.907990665674
-1.57522107732873,-0.0549079420508688,303.998981629298
-1.67549828493485,0.3555000746856,276.630823804234
-3.38855592941775,-0.337246306095111,400.953234157731
-3.08341549501779,0.828431401426016,345.237167945217
-0.544518509512043,-0.145535666056636,288.501534707674
-0.60121558959628,-0.502868254644591,308.524724058128
-1.46840431514876,-1.78255690355377,330.540291866274
-1.12992721935461,-0.487915916463167,343.524785106109
-1.0985957203765,-1.28334535519408,364.317532807066
-3.06002946444027,0.710591112536911,404.314974775273
-2.32070569144231,1.06661856327041,427.280106816957
-1.6421962681434,-0.220338303134285,429.074087066842
-2.93213590810946,0.514860649016955,475.002242828802
-2.22967058183801,-0.585040082345148,469.020077895418
-2.14015427967297,-0.37062591388219,535.069340534122
-3.37665470861713,1.69117583876802,534.70322003891
0.166122838785761,0.181864638317558,537.235737100874
-1.32984846832004,-0.038540966199099,570.187557833245
-1.8262926932727,0.242511857011288,612.012768520046
-1.7918966153824,0.445694427605142,643.967229336941
-3.01165990192209,0.832718247526005,688.373617687997
-1.27152599601677,-0.896747904935655,457.245245125297
-1.69115510804198,-0.834160185813803,455.577090738508
-2.11808118200641,-0.794871984556022,488.549259573201
-1.08973016031913,-0.308734275215749,257.791943536998
-1.17947337213131,0.00294760870965144,232.001117779041
0.180702544666071,0.0138617305172304,188.681797466972
-0.719930757445776,-0.224957948750563,233.383322952765
0.274690681617876,-0.0219482086137343,199.846026345863
-0.192670308223784,-0.205261843903669,208.741330438183
-1.60035718265414,1.80305430364544,189.192726396579
-1.59061112645845,2.01064121588537,188.010174298894
-1.4771682354502,1.10250669779215,211.482789201382
-1.88837495286334,1.04395805688795,232.683145502389
-0.737596948540294,0.275572447433252,212.830744863532
-0.941763399962089,0.222032248829458,220.772190684496
-3.28244391397488,0.984530821658768,288.796371034911
-3.29554503995901,1.33818682545421,285.935837702404
-1.07270429415673,0.125366885872501,230.070676705484
-1.26401566989803,0.320525915422519,238.330096014959
-2.56817371313473,-0.0785099497499994,297.568743712559
-2.64066869339769,0.149215067148239,300.633913835973
-4.06340278172763,0.656488423256956,315.209205686744
-4.32343541053762,0.98320256343977,328.537230326773
-2.7873792340427,0.951049147768967,317.432366011959
-3.15862722603085,1.31854968374581,342.823698536063
-1.30887511106917,0.645256625643572,306.51460805426
-1.58493446143402,0.803415682124542,324.020768433871
-0.781427450813345,0.274105321936388,330.846727872709
-1.23675814248823,0.60639669542218,352.333648928227
-0.119864004232988,-0.787037415208845,366.697530873161
0.0197182203226953,-0.715241654188551,385.731226704332
0.259003250115739,1.06980006271902,405.398557175926
0.148325429553385,0.87370530611984,428.340001297595
-0.547779325889252,-0.426168084668695,467.330842672137
-0.677012404883029,-0.483532366706276,492.634540474516
-0.0521730742571756,-1.82335615538111,506.679967580923
-0.477793821275999,-1.71511743653364,536.428168619516
-1.13975500298272,-1.4509638956449,569.247828718718
-2.28970454403105,0.383316453030354,703.707862966469
-2.7505463586675,0.373667218681472,811.383912403331
-0.416232030728456,-1.10503824282911,603.942393003758
-2.19620567146959,-0.263568675431974,619.061853275579
-2.68655672169465,0.526099711918261,735.84684175653
-2.44827414164144,0.279879137934338,486.898044311293
-4.40969493370695,-0.437422904119552,1098.24474155149
-2.04845446657805,1.80782285032795,479.25988717179
-2.77016876115069,1.72030382254465,381.580963079581
-2.1294288334865,1.51875941570622,387.420306298786
-1.72216515623283,2.76153986519698,252.386499672428
-1.44376739717046,3.51255189902818,200.26749777549
-1.8025346269854,2.46296109742813,221.884692840047
-2.64569742738352,3.16468890488362,256.103129787475
-3.19120698700175,2.74345984027072,444.074459482581
-1.10312380714871,2.38330838229626,208.255541687147
-3.03316778281773,1.97336191412193,379.531415496084
-0.817876811877734,1.44748899679095,232.269845318607
-2.10078001117442,0.874053580443721,230.332615366139
2.15347973068704,0.300778017937068,167.896097036889
-2.0902921588832,1.85982409229349,230.442558242652
-1.44095765561271,2.43237108314477,215.934512312283
-3.54409215183005,3.18530738529687,328.248448703181
-2.7249084611796,3.66924074901399,281.177459893765
-3.24328992072999,2.70820564432684,275.383875650248
-2.78045966767944,2.13763995330198,272.393883616707
-4.33756248052884,2.10360843701255,352.387540478483
-5.86993408957485,2.60648531291624,479.889637588845
-5.18365643989553,2.72177850984929,478.950678939268
-5.80757305457751,3.57810756186496,522.302034387635
-2.8952150921499,3.22727307668706,404.116112415157
-2.64537282708793,2.75562441278302,346.328348752105
-4.71363024246342,2.39172009199984,423.31124940744
-2.72259847509405,2.46326652930906,367.225878925092
-3.25136188693958,0.19153712795973,1227.93595811263
-2.42350886475779,-0.2941090373406,1152.00883009557
-3.30584585550935,-0.191590142505357,1219.23765728789
-2.37350062791602,-1.51946280398382,1018.10284716326
-3.15542957594091,-1.57998832780873,1157.49973124032
-3.78766635976567,-1.40567602985592,1007.78615785881
-2.15685964611728,-2.03859259031005,840.436204441421
-3.16567611334553,-1.99815408000363,780.76371146225
-3.39802801128959,-0.307005385600027,819.013021192406
-3.40235050502338,-1.68283249622025,913.49381397406
-4.59530867662402,-0.937847765033779,1229.30781288847
-4.92473140022955,-0.821698711824613,1396.53725911132
-2.97591080200958,-0.557115410800776,668.05201149844
-4.86436168720176,0.906304021567983,686.368326862657
-4.61197743999443,0.397632031788798,660.476739116433
-3.67253490265803,-0.586239064365236,430.841143889442
-4.30605224462968,0.545350654591505,511.128947129773
-4.80703662398677,-0.0128100830843724,647.570563497539
-5.23877549480165,0.846669249596222,747.642379946255
-5.0754305630028,0.454593353553503,538.494499485786
-4.37951603378819,0.169996769397253,395.628686094131
-4.06666346982522,-0.298976954899047,434.068262612361
-3.79420250502604,0.850288846715396,332.35403056409
-3.1063185751844,0.371219583122947,238.15679695908
-4.48335941789404,0.614929752803911,371.211747002534
-4.26037253153932,-0.595710619611855,416.125923628503
-6.05826000514486,-0.744415834315052,632.063780230826
-5.6670037723876,0.243548073065045,473.530770874388
-4.50529715931548,-0.079361057893737,539.443034162293
-6.85274490842285,-0.40127075697114,933.088733982753
-5.95451602904504,1.5263015629594,531.487821179753
-4.54091501655322,1.0642864941536,409.801956733954
-3.28802222805416,0.997941546988822,387.870562201952
-3.56925018459588,3.10798261019056,375.574845804562
-1.61145658213157,0.779841361261418,1010.92471528339
-1.62428349203631,0.686151901582072,1119.11769853744
0.75488001728083,-0.623761066652112,662.391312661916
0.467865903004856,-0.838940773872912,707.736998487967
-0.0757846695055964,-0.437722320370073,743.162880101492
-0.259544114326477,-0.550716664655238,781.87414025636
0.219711997261937,-0.448508792712456,584.084632386891
-0.159833513770142,-0.618424310207253,618.016764536381
-0.395310015178921,-0.302984896246179,766.71622746969
-0.714194394925972,-0.35282978149629,796.482285381145
-1.65708189313412,-0.871166173502331,916.733357513895
-1.96470217950363,-0.861180938235353,918.220174189776
-1.09184284665474,-0.804751893775124,770.663285742599
-1.31578057953776,-0.767298101579417,754.558074783744
-2.46721777582871,-0.293379264993338,778.400745330338
-2.84259067789697,-0.2726631774797,856.830707201682
-1.81443549409295,-0.0899480321999438,534.166527315065
-2.14401208289985,0.0155847895428243,550.769989729065
-1.27799424669763,0.310301355942227,532.978724214694
-1.59616056024367,0.178490458787543,567.315066109709
-1.2861990052094,-0.175127074765275,528.582809312025
-1.42206984886138,-0.126892462997038,505.402122194563
-1.51370334830869,-0.177899412018151,509.429850725997
-1.91737428425604,-0.205626863893069,564.456117611064
-0.9630182165815,1.0999586559135,238.254401813473
-1.15366069432688,1.17797919287527,244.784590470821
-2.32629248041396,-0.401044632027981,471.974497349643
-2.59364450399673,-0.520646634469435,522.080094992228
-1.55272268463007,0.714692868922907,277.639861731505
-1.68545216711195,0.760014721444877,297.847509875048
-5.26344286011596,-2.49885865549838,794.837974505649
-5.45148770582943,-2.07911303479953,771.154714591901
-6.80135771490884,-1.10888284902038,751.107322788947
-6.89249222158454,-0.588829764083904,706.845458052161
-7.0581254992254,-1.1079371818387,717.351634471282
-7.55978810799517,-0.628753711794223,760.859804419382
-6.98086390693606,-1.38363400767833,713.365343070132
-7.3107418526368,-0.975802146043994,729.050514539149
-5.61826267746492,0.506943976157636,442.850232420215
-5.95209998424122,1.12256126796866,452.340324642149
-8.00925982666645,-1.14470214190418,881.251452307795
-8.1497185651847,-0.582378649686909,878.579311043128
-4.0751520730419,-1.59717568790505,351.835423219202
-4.21978732158235,-1.15575243529098,351.940567070494
-8.46136723891081,-0.0559847105024259,932.734243301176
-8.19175423549157,0.486205747450252,810.338845919136
-2.89250006193878,-0.548950057226322,321.635691850809
-3.45311576031142,-0.121058413355722,343.498349152199
-4.02910756988132,-0.559058433591177,415.264318450716
-4.35767450001445,-0.265074454818743,434.822488319038
-5.90170301165235,0.026299728615196,472.745834065924
-6.0686380117688,0.507907108463762,481.814141481383
-3.38398514791366,-0.143889153815478,429.151011379882
-3.70589556840782,0.289269309793212,455.054391925384
-2.58723878879381,-1.01558756865141,465.208694534799
-3.00943738450087,-0.648312660973902,491.302054243849
-4.65869044610158,1.11373529405543,551.490393757813
-4.7538938281046,1.51464634404352,581.506388518496
-4.07733099275586,-0.148080122667834,593.497878001271
-4.33228048910215,0.218076145753389,626.427716502854
-2.65478467811907,-0.858496439935019,643.214413372019
-3.11065927959765,-0.521455991079332,683.722680721969
-4.39745321923522,1.00527260640322,738.90298616113
-4.42282322359914,0.981143428150703,778.870082911826
-1.94744544183468,-0.467862079848289,418.647015738404
-2.26692126233234,-0.251607441350191,422.780307691863
-2.62277337584383,-0.840718959098159,386.098426097754
-3.00098076315793,-0.719274943580865,410.569543222621
-2.39702542670065,-0.388652540581949,354.748034146408
-2.53022734192474,-0.261526234945748,359.574959618633
-3.00429239105893,0.309540566044383,359.510512053634
-3.37385631866849,0.302302604992569,420.376242498004
-5.03695344476328,0.27768264952366,402.327686666767
-5.31989591194151,0.504783304040601,441.479679241655
-6.63442654879141,-0.441581820927944,748.093955166003
-7.03064377914197,-0.134392362191759,803.467730990056
-5.50778684435366,1.84699991358405,465.915286572865
-5.65301158407123,2.24825011664118,488.492785851975
-3.64411065752435,0.641532028969484,327.660243728713
-3.80228962837373,0.88440765241794,336.399882933985
-1.40558578156778,0.923481043662663,235.922705941246
-1.53296265013938,1.21557946017373,246.104350760362
-0.245259034327526,1.92729205395706,256.082844952591
-0.12789162778857,2.13847048117481,265.628043190051
-2.63254912595176,0.0598592543972323,304.289663450236
-2.86116750983055,0.238697487280826,319.590179610651
-1.39868361864776,0.310212186927162,321.30177418354
-1.5667226588254,0.495749244574627,341.09772409369
-2.57691015863389,-0.177385039285988,384.755635103079
-3.00606398227709,0.129585488261871,410.000060056509
-1.43154586621554,0.552286737319457,371.163247385132
-1.60706261227077,0.64006872094158,393.58412170253
-3.06910938393398,2.31773150945147,420.8409692399
-3.24179652199047,2.51136316462487,445.892658514985
-5.62921071823727,2.29483328764269,535.458801246737
-5.70377960503213,2.57461903089851,562.662324380311
-3.91400288728814,1.72984082157688,553.147565349537
-4.00693466497875,2.08421227686352,591.364402072402
1.75551254290247,-0.0407794220491043,373.723519345789
1.27721296901652,-0.271836402639875,399.069784708922
0.26341415342744,0.0875803718285183,267.914836250272
-2.06367485134833,-0.26630021940825,472.655737822364
-1.77146181311092,-0.470922279317596,471.375961005267
-1.5620646059189,-0.513406131860111,351.318168098248
-0.858274630488005,-0.428419896526179,361.963022859012
-1.93798997628407,-0.686489149253829,436.781609209654
-2.50462362606044,-0.879342060278208,344.694947667055
-2.41525031311813,-0.709419931959948,419.068452570144
-2.27505215703298,-0.836247768769688,298.738426044949
-2.73766834756549,-0.130562604193264,288.020293036877
-4.14698372684021,-0.756426515575651,420.676324251124
-3.0317929464078,-0.883813216257069,371.30308177195
-1.76272555099628,0.818095260183478,292.675414432059
-1.4367990382634,0.470476890004005,206.013127025336
-1.21334954279439,0.570345536739162,233.231024541948
-2.99823523496719,0.548197055348097,330.134851052754
-0.564692294654502,0.0791417945050268,212.809142841326
-0.167207008822958,-0.232183826056561,241.509565463655
-0.703025723037932,0.45585194400555,226.023221980524
0.174855189653877,0.980981744141401,203.668097169538
-2.15293960495489,0.356659600091551,239.309021116771
-2.41731574247737,0.880718688079599,283.400593270741
-5.33289996748625,0.556997569181567,614.454257520956
-1.85158008153374,-0.362249137198728,311.1001503044
-2.60359622721638,2.08378274737032,305.722667747472
-0.388238905400685,1.40615034019403,294.562599087731
0.881155064087257,1.3580320527068,288.123423246605
-1.27009133466079,0.818951958715492,318.066947253388
0.314166841288964,0.314854009539465,309.989605732264
-1.04160969471475,0.339439873024432,334.977002186056
-2.469514984923,0.934386293085358,400.888844460074
0.073105974440466,1.83119048868195,381.855179892447
0.958525743375936,-2.15180446196188,558.335469434378
2.36179266128518,-2.13674898709021,523.884876885958
1.76614571923948,-2.59039148412391,549.2703652229
0.863102981950406,-1.40201628019982,627.961080758725
0.347249795082062,-1.51512727840413,664.470538802604
1.52676319824536,-1.27576273079429,376.341801920124
1.17903111963842,-1.42119793904499,366.971987694687
-0.214356157856467,-2.9696312328116,563.914023715325
-0.778914520274776,-3.01712956353293,604.086975788605
1.06449999827123,-1.96342616649618,362.653825764232
0.588875041239094,-2.16971653960516,364.945573373866
0.732810827476852,-2.08411660978576,551.870708870627
0.427786724780255,-2.33673003625423,539.813169000409
0.711056243218554,-1.84696611074452,454.736250073004
0.205780548720812,-2.04233832929874,485.389439733114
-0.388297182328119,-2.71863630961717,674.204233723401
-0.923664095242074,-2.73798468853553,692.655649529369
0.807356511177765,-1.8839587420608,274.469404582998
0.0202824739374218,-2.03099610961104,325.457776370292
0.443671059825609,-3.04666675802484,403.720711573414
0.00427912963389183,-3.02194169480108,398.244112990342
1.41213147951468,-1.47851137849015,251.325552181351
1.07824302139247,-1.65889751019353,267.847545203599
1.11558036157,-1.70613485474652,207.140501586799
1.04753123978527,-1.62625947451798,205.318895388777
2.2222971882756,-1.85089303757691,243.798964984657
2.09542492182844,-1.82003005632018,231.201386529604
1.71683372152594,-0.308345014764165,238.205098804421
1.49980513481789,-0.492482171159474,245.149776196559
0.559474334301695,-2.51093039494816,287.22267297478
0.0605236079125281,-2.49984590928411,305.675976838385
4.38027532330172,-0.19167861982843,193.034174937016
4.00198223618718,-0.35425953055712,204.198835149696
2.43687783995576,-1.34636117947662,240.772172871686
2.02469662088834,-1.538413572199,251.792581640015
2.43836699639419,-1.87435795083942,252.377687983317
1.50798450356987,-2.0090100125605,277.8801414047
-1.36025022183528,-2.5370449410537,358.025666511638
-2.18065860941884,-2.34999403627726,392.209179101316
-0.753626166458593,-1.90832205373838,349.65534586704
-1.49328020622545,-1.91057484705004,373.806762035288
-1.73483900065367,-1.74361847592444,386.530656027415
-2.43364763708253,-1.53617787985085,412.905768313858
-2.72013619837528,-1.2924294159416,427.969327364957
3.23178125505073,1.24295532898959,421.915783668381
1.71383577182103,1.4968667795104,514.377961253509
1.55876386125336,1.17992624982991,535.633932054701
3.86193608009149,2.2508728224538,319.600374544438
3.60829302280181,2.00571778298703,329.848539110839
2.04339407018879,1.07482968248409,360.977535765077
1.8554949519462,0.923921357618471,376.530106714955
1.9795235782231,0.846004738554405,304.838745148459
1.65732874016293,0.647735257594428,321.820173124714
2.74446206212672,0.819181815447539,308.202465112525
2.46820849605369,0.506163235255233,321.628988319709
2.57312513161589,0.299598398457987,269.902384947941
2.21700010293539,0.262186229864931,281.818291340794
2.21401417977452,0.559911483924587,439.438918662302
1.95550970444389,0.281773902345913,462.553899643733
2.95357074013889,1.89284450000897,219.229380684762
2.75058485437079,1.73771677412539,229.714756843023
2.27876162211857,0.864441129801906,313.49463763787
2.13065062381119,0.728036498419392,300.544798706883
3.54834284461435,1.33017115067379,141.498540999421
3.37342605786632,1.09373420390792,142.424042519111
2.01075620002666,-0.048940804060761,238.0961305524
1.66433838564826,-0.187489251496554,254.349531338419
1.02617894047515,0.214113433580463,243.80229148922
0.846947609380583,0.140496222757111,245.785922439106
1.79965331812391,0.591333699314277,320.744309433261
1.48423108795368,0.478661864171765,333.768670707903
3.75227947213178,1.62653041094477,157.019497647303
3.58456798002627,1.49150559907968,152.677949715594
1.5442100977103,0.155552016914904,222.338612029279
0.93321707012794,-0.0529984136020682,258.428633589191
3.05259254986151,0.844082240448529,132.034491770724
2.892222494308,0.690342181522698,137.380543379455
3.16890879504302,0.912588289991295,152.232117695735
2.88370589887159,0.730536629179436,161.630862087459
-3.80664514038229,-2.99369460676563,427.662485082789
-4.32395491229723,-2.50117627587096,438.191194502858
-4.90783612675247,-2.12608438518495,459.972237101863
-5.49361458958377,-1.67328259058957,737.592882888097
-5.31064826244183,-2.17939828694369,512.136327897088
-5.51810155684483,-2.21179263986621,643.632998405156
-5.13914220213658,-1.67234058320051,502.720703837183
-4.78417560126507,-1.61925329846557,487.356651409513
-5.2867955172956,-0.0550605171594335,514.112250478649
-4.58545197659905,-0.390060094281704,355.797355410327
-4.34011696269028,-1.49419012874069,369.390537916335
-3.5606336288794,-0.634152217189038,339.257883676491
-3.28489011511776,-0.253859439343386,333.842719243255
-1.18977169497157,-0.44249959700566,305.713548707846
-2.1689595559543,-1.33777310891986,353.495236444186
-5.42558853764974,-0.102325386879411,498.268975200482
-2.78523593998194,-0.855905378218944,378.919351682848
-2.80958064369544,-0.829559128931358,422.494474236974
-3.89910320905724,-0.57297929922902,429.250879642977
-1.14199501482543,-0.282371659669743,430.795793047202
-3.30763914189595,-0.942324868373947,510.788168996264
-5.31953014697292,0.12719019714441,546.733328606004
-0.969780632276227,-1.82492889067798,490.491356157894
-4.1262356275689,1.0137903635718,588.09482655913
-2.20307635063039,-0.167364184304823,562.768151780393
-1.91117548135066,-0.274107690829253,591.755379562725
-3.30401695490094,0.844036397106767,654.159304795195
-3.00541721966159,-0.0505944965388798,679.939435706056
-1.89177682571643,-0.965309028426442,699.856521919202
-3.26870066785664,-0.325696721208616,751.523758620032
-2.47308923892321,-3.52072503530388,690.424590172025
-3.26150363801159,-3.32659989763767,754.250777995608
-3.85172525429184,-2.81074760832609,760.918432076862
-3.26226892133665,-3.51709225072998,702.490106887138
-3.81697507093529,-3.24938187844841,725.74364416115
-3.26981836915213,-3.43904109037919,574.762057767585
-3.6104418510665,-3.10671276293543,529.101589636035
-2.31166230054348,-2.70495907100999,410.125964812313
-2.60402182137063,-2.40720379281286,380.433288440716
-4.69134119333114,-0.873559080836678,489.678139771047
-5.23711445712743,-0.341470640486106,523.57447413459
-3.34993367241678,-1.88018803261145,315.547354562256
-3.49256866108125,-1.43077266780739,305.232024142614
-1.63285258638786,-2.55559138387132,292.656036638248
-2.47020975453432,-2.13457533121291,314.180298124754
-3.23538659229108,-1.07753020601967,287.475187278802
-3.67782897621034,-0.620547978279168,301.534221998508
-2.59000622536925,-0.955705860442686,292.4950668408
-2.9678948325391,-0.563119453401582,303.730007226123
-1.453424858132,-1.99386192475815,304.217868437554
-2.28037295979185,-1.68206368711105,326.733708228122
-4.00732386423968,-0.128336229789019,392.438377113496
-4.31210860962747,0.342734130215076,416.159488132325
-0.854614910123309,-0.866914481495107,366.082770394532
-1.26209396331231,-0.599885788712935,393.014635395284
-1.98477234706662,-0.408015014839104,398.301346266576
-2.48514214321778,-0.0685057571422221,424.276274953772
-2.93025688968542,1.71881033945003,446.653645592091
-3.19051462487538,1.91677225551609,476.365049803748
-3.50029824736451,0.866411763640333,487.666012595913
-3.5822721190684,1.16289910512131,516.025936916037
-0.856066075424058,0.114718327655458,507.974775252925
-1.13942183294701,0.19995829645083,538.363042599268
-1.4938294232239,0.33108325316367,571.705167803511
-1.54804378867266,-3.09017752361547,534.081628206613
-1.97470183835221,-2.99951185812708,521.872777403855
-2.67150783113812,-2.90067582939665,588.974346476786
-4.10763722415645,-2.55874044420345,579.299167527884
-3.78084036446274,-3.66571332970635,720.227489571534
-4.05300578043991,-3.68359672731067,882.57863109027
-5.07382862355699,-3.02797330930424,796.881478677386
-3.93020786260892,-3.43584984099304,728.357169307993
-3.78555829636485,-2.07900706587606,642.000963700493
-4.82774988364816,-2.48201938821023,645.128610569529
-4.8172123117061,-1.91456579548441,545.845247442528
-5.32342916903407,-1.83360980719676,480.842099169901
-4.03613101442067,-1.04465425782881,352.64573664058
-3.99076899902956,-1.45116275473307,473.593958475138
-4.7189900874284,-1.26287516022102,404.575487934386
-4.52625654449946,-0.764589288207461,442.281862431192
-3.84423301671115,-0.519042625405604,347.806628198459
-2.38941430907563,-1.32562174046837,322.401163577735
-1.46757868848318,-1.25238876252232,326.76297087314
-2.92382626094345,-0.240336905352584,342.698857435589
-3.21600534051462,-1.46612994781121,363.771756982127
-2.86134960606377,-0.988493729096397,375.597275581761
-2.33470083537436,-0.499344184212881,364.039503878071
-2.88720832836295,-0.851782912366416,395.619708635874
-2.94405489539165,-0.178302922000045,383.640281630776
-2.36996756991091,-1.04546817456644,419.184260548041
-3.11117567674104,0.0767512212711403,432.590285744675
-3.63350719705676,-0.288112528949939,499.489547887848
-2.65581026084809,-0.291506471950419,464.445450602967
-0.529110201641218,-1.06802443030371,467.014419442742
0.0581179214185753,-1.16685026474958,482.561535623029
-1.73214866937042,-0.771495356360632,519.947370875016
-2.27322347870936,-0.103437326524066,560.665781401159
-2.48753772848692,0.136239680823813,602.629749861714
-3.69225891220673,1.33579295408036,658.651788346804
-1.1265706166933,-4.63010126081609,808.961887699755
-1.76486280235333,-4.68433746082563,857.45913384129
-2.52724654793515,-4.71366397215254,915.762384659873
0.526366569554043,-3.19033278319098,720.601376060171
-1.0970324055856,-4.32316211020261,795.453923373686
-0.10755563961026,-4.90237644590761,724.984983532778
-0.499220864328,-3.41027639469978,663.491676645682
-1.11259669267923,-4.14811705365145,726.766236864731
0.960430909272397,-3.48241147175584,625.978128356
0.64090598145839,-3.281183398538,625.243141261283
-0.578278321806843,-4.29511835132439,568.998225216121
-0.0102753301677899,-4.23058931966227,483.711839132164
-0.645899838390557,-4.65647636696194,599.969956454537
0.267876706915718,-4.0985342793063,458.835418643081
-0.321577050190541,-4.52892390359522,547.759563843919
-0.255761676019152,-3.772209893556,413.686698152934
-2.25991327743779,-3.60138862844478,461.302729639095
-1.1821389702648,-3.68072239279849,368.537419825243
-0.144079488922623,-3.81180013238796,343.151230606342
-0.335401438657504,-3.52264869623598,325.50374919324
0.521167289079761,-3.91402567884601,307.272650931768
-0.18673925553198,-3.01740100525157,236.569842509345
0.427341535721885,-3.18714751785013,214.288134469605
1.16561447876371,-2.95846002317466,227.588891165441
0.775676424980805,-2.72123497390403,219.715164273712
1.22584428646668,-2.91737284813963,224.778479249147
1.15296795528475,-2.59414384942999,225.409622565262
1.53680916210879,-2.71075628750804,211.899762080062
1.21337478771903,-1.81768491121473,221.663575753812
1.46820319453493,-2.0520800452544,230.75589156668
0.302635166383508,-2.6596256658052,251.596609836642
0.692154835652173,-2.23288655832781,258.117980923627
1.40581069921896,-2.5871858804133,262.88873660912
-0.0485482167692099,-1.43646623934568,277.975189367788
-0.00253865132784988,-1.11009859241807,287.705565531176
-0.922313814227637,-1.06946486735151,308.491506267295
2.83438934534225,-2.18591938298603,469.549997207709
2.15701254757863,-2.58653727479382,489.013625660266
1.68539858574976,-2.63948414145169,511.675890163635
0.257211170336531,-2.14179228929524,564.077456132285
1.58597418247199,-3.246245346779,470.39535485746
1.26087214469443,-2.97262598819542,493.933618372538
1.43450047325711,-2.78451872655059,436.530443977489
2.47288174646047,-3.30777142318292,299.324254060914
2.37705347794283,-2.30975972751078,323.359745386795
3.63480932152432,-3.11500069425725,259.671872221203
2.92721266719938,-2.55026433741214,219.840287971285
1.12448288711942,-2.29803570032306,261.73821435887
2.30223741197134,-2.32000020220705,179.641069885109
2.09720639916383,-1.77666014978331,235.158324466592
1.50888786300411,-2.75571292006533,309.944487746522
2.38950446227758,-2.31821223588078,241.178390303989
1.15190995620866,-3.22959760858295,285.211167262558
3.6069888212258,-1.43401992728609,174.088824223165
0.417472164218303,-2.89333176846483,274.646884122022
3.34929440480079,-1.41322891142275,183.249611404192
3.533365700157,-0.886880255065784,186.860771254627
3.24783003456442,-1.06558461419249,188.181995691494
0.418085775678226,-1.82234236766835,222.519085252439
0.585290052143419,-2.43559268432868,253.39077103528
2.30337085308978,-1.88367241227774,233.426973534086
2.82311544290564,-1.46288274501184,228.587192554688
3.74937882463026,-1.22139860566025,233.92446690456
2.95395076353495,-0.311119866507633,245.187931285015
2.84757691076553,-1.22941584960553,259.787755273643
2.42218052053351,-1.17909742982468,282.097654142943
3.80243981329061,-0.827352871370602,286.993353682435
1.30047324745851,-0.873140285356401,310.386248897199
2.94741752005173,-1.18088467235466,329.843681110526
1.57951392760183,-1.58381697236748,345.609579098784
1.91373665766938,-2.03493977387105,640.555332419368
1.57079866294677,-2.31961301731193,681.314489485749
1.15758822257436,-2.54529367899605,720.857753310602
0.889806327284228,-2.77652187540086,761.417048077719
0.47884233727905,-3.054429766643,798.343084385199
1.70608773324397,-2.39824601808984,592.448636088191
0.909265291657337,-2.80895899084499,657.622702317758
0.581066544598726,-2.92824870971674,791.898893250996
-0.251570368796259,-3.46146916058738,862.331838486658
1.41748095068465,-1.62415909461739,555.161930315322
0.848136992877601,-2.07428859300769,606.876345665727
0.861559646838049,-2.58448494736193,456.909993948162
0.253215729562592,-2.94787808658056,495.983458588807
2.03824938883702,-2.09893296295487,361.835894807575
1.3931771372709,-2.46979528275593,371.544993610477
2.48331351126665,-1.45935163565207,329.586191298134
1.97018435243459,-1.66890549944871,336.706641411316
1.86343708290766,-2.35641052267751,362.368074932088
1.2526522671002,-2.63224999382522,380.122057980369
1.512997682677,-2.34619199303074,324.81905897422
1.07017395156073,-2.67329079358248,341.022538134992
2.74358839170741,-1.03771630187745,174.933039348791
2.15174085469186,-1.27970465600857,184.852661508673
2.83486752357595,-1.32731651682885,185.423292352733
2.53203313012123,-1.2296652375307,192.813427096054
0.355608590479676,-2.23346001697514,301.418543065805
-0.341937978086309,-2.68763901918691,345.816206704308
0.0940116978064503,-1.74908562613585,234.406014536028
-0.208963456712028,-1.6622967226731,237.376857261294
0.896989542309526,-2.44940847646931,240.454494756709
0.414789257552021,-2.43082385582949,247.354764919028
0.98066030472734,-1.20555841516704,237.704913930308
0.532277972577088,-1.203755499762,248.569142434968
2.17385768179512,-1.03731965340449,245.21712526702
1.68209035320287,-0.955241531094823,259.845378017304
0.0422878696076456,-0.886520328819842,280.338817084737
-0.426367311332927,-0.837207038541157,296.82089762431
-0.706869015788635,-0.73337782922304,311.611744983411
-1.09636610379862,-0.61169394762381,329.756414751302
1.58809022497868,-0.856283665274057,598.056228563771
1.27757250566563,-1.28721558663753,637.874026721398
0.959242600780857,-1.67371206993465,678.006969760207
0.615628474299779,-2.04878342929786,721.26408063475
1.9664842265459,-2.02035733474631,662.485542072398
1.57477657869975,-2.38382946204133,703.992656052181
1.14664084996242,-0.464472401802475,786.450969693339
0.941824271347714,-0.856689761419018,852.474199236551
1.08797458075428,-3.81019353385382,784.879721694842
0.564192098473629,-4.1606564938243,833.709405595577
2.39442527861923,-1.22666480296966,588.589924085055
2.07418659562213,-1.61220585091603,625.242740634539
2.87186007570263,-2.32734796197526,642.09206244234
2.40808728326062,-2.74369125358339,677.953801104019
2.51018443523927,-3.1362046105388,608.860244791884
2.01649523620452,-3.56644101862899,649.292812062822
2.19226178551826,-3.16381358071117,682.70732459884
1.84176753498832,-3.60495453788766,729.628711572892
2.261400368188,-2.64057418576571,703.560728246729
1.64605052737097,-3.28205767347119,740.357308091658
1.73981637217838,-3.7211102202853,659.509948571079
1.1385682482109,-4.18395165995025,678.5863460131
2.44355224881445,-2.50547578247936,475.428490619653
1.93110265601168,-2.98865957663549,495.531305187524
2.94224063451489,-3.21088871956199,347.709911568246
2.32911145892794,-3.67694446228582,378.679314363387
3.00023192575165,-1.55793296427808,224.794803979148
2.70322029569732,-1.85278079872253,222.964627767876
3.10445300691391,-1.33898498768874,318.074594768561
2.74745564283173,-1.83682937006287,335.108069882402
3.35312570266349,-1.33555217485111,248.585281524004
3.22468911722271,-1.72914130123107,255.720281962771
3.0821725224439,-1.05542819182928,263.245425796062
2.71886860173129,-1.66740585079229,266.571665121299
3.16289907466353,-0.987025984001794,240.707123892899
2.83337205455756,-1.45443722138298,250.333694920803
2.83791219585662,-1.417200824421,223.405910553878
2.61336803043807,-1.60205574042924,227.727467020313
4.51273507168878,-0.280944595007958,173.933199948163
3.82791425709263,-0.640154590267006,189.103415108733
3.63294104987173,-1.03805959042458,195.307288509513
3.97028978195726,-0.505602931202824,488.478794248134
3.82022727903429,-0.844684297498144,515.282136998104
3.52412395273522,-1.29301949154535,544.951733771605
3.62360480645965,-1.82828679863682,558.494751639507
4.31010230094427,-1.36373482396927,499.151397957356
3.73814757161303,-0.452000861912077,470.005171004973
3.02689100083486,-0.644386927905872,461.502199226769
3.38414608400003,-1.30108774315529,491.148778121166
4.02527389797906,-1.358488673153,451.919135112682
4.19721244198848,-1.7047121441318,458.350988322882
3.42274527368015,-0.420129669923461,449.347306018695
4.73087489450122,-0.680302870399181,412.447519681685
4.27756720407127,-0.39628329596683,361.879272707091
4.79187158629851,-1.68973421933277,374.383424370089
4.79799548962781,-0.70279513229334,355.895516149308
4.86203882236971,-0.873619556158871,336.044003648538
4.73875512153009,-0.582294129418967,320.55338600602
4.74872119246649,-0.696394124634897,299.19610915941
4.7881565170872,-0.956007064479284,221.02356872016
5.04309685719079,-0.852853806867503,182.84086436535
5.41058831021119,-0.996201818986169,176.11602625585
5.16914726412193,0.590860754100642,138.392086080346
5.79676415147031,-0.308701175567278,141.068313429781
6.22171569345287,0.232408163720509,163.856050943151
6.76103352794416,0.058209258874714,144.162981389478
6.02466844563958,-0.178357851591653,166.155929888192
6.96868344661806,1.21959238542876,120.670381872119
6.14160400648615,-0.965227808092726,147.640044555023
6.05747957699247,-0.66243990374271,132.184180131886
4.99087138028293,-1.60255401691249,167.507281547905
5.10288126810797,-1.52454951618355,156.668436305191
5.18251806458635,-1.17700586023351,159.631602810426
6.34145789969168,-0.360408190360966,147.203666774971
6.38231819938201,-0.0333960935430381,150.207667607445
6.26723010224444,-0.139528000335595,155.013786855176
7.19603324444282,1.30912030709217,159.387392139954
6.10328918868836,-0.456516615730076,179.867569138281
6.310801967085,-0.191043817021552,178.582166574332
5.89500319821639,-0.315480903114878,197.809661523635
5.73436212805495,-0.492911053440111,205.074534784199
5.23698789575444,-0.904969138903855,216.725167590166
-1.65370260338954,-1.9568839195999,907.951802110036
-3.8807057164605,-1.26903901365018,1246.48541467934
-3.76518495635142,-2.25739237055211,1270.49090663791
-1.10544150715824,-2.18704767457467,1011.27026611378
-3.33942949971403,-2.21782101843472,1164.1023218743
-3.64550078552896,-3.14263756420247,1198.21608954858
-1.92628056717142,-1.6066256658126,1111.79815048583
-3.59543803818745,-2.35946608316331,1302.8141254385
-5.41330497635167,-0.0642104183027442,1688.31063804362
-3.88871035692989,-1.11717242589955,1663.90275909197
-4.29336917563443,-1.18351701663181,1534.65557128345
-4.97335360988495,-1.01008046541362,1674.36763353495
-5.24404937006035,-0.502533219273715,1948.91395455319
-3.91115025567835,-1.02301822305851,1518.77358735936
-5.09989749280324,0.205765530749203,2637.5170203839
-3.83889381764907,-0.623675596748187,1449.82266041901
-3.26357990188452,-1.94379287675165,1135.86121934913
-4.74069461340845,-1.28172927965169,1505.41195518007
-1.35524038024512,-3.01960036605953,845.28318178428
-0.733227917321902,-2.64994211289831,709.295577866808
-2.59854762572807,-2.45713178909753,1023.56921881501
-4.78981596842386,-1.99648846821147,1221.1467024945
-4.41294508740404,-1.30244063425727,1003.81309779188
-2.88363753454175,-2.4449456687693,706.729995345235
-2.67688977140683,-2.56080709149411,738.07184722631
-2.07754392527724,-2.63944022245185,700.5997915183
-3.95155228392076,0.133078207178529,818.988611057656
-1.79994209050318,-2.35725692455962,618.720335758094
-1.84173707768571,-1.95387219241277,505.302420416624
-3.81921788494235,-2.26782155314062,666.257282974623
-3.40117588765252,-2.25978611801999,810.750878410532
-3.97258234298773,-2.27793353691216,1025.27663768602
-3.99641967835937,-1.5290127514483,882.647083961081
-5.2956556254043,-0.78401976480875,798.155613851007
-2.57903355361087,-2.2717435738161,460.921625191349
0.242293845391711,-2.6611619093761,290.018836230777
-2.77101797712287,-1.89387756514332,457.812764011574
-0.400063768199865,-2.00685845138869,250.424719984474
-1.37907719892912,-3.69903674892827,877.586896151541
-2.2208135941794,-3.67696239360684,937.819798019636
-1.53499404140453,-4.11562552429791,857.36799940107
-1.94190449534364,-2.94055231813998,929.742084231114
-2.73647958950876,-3.28270549044188,1051.47814431002
-1.26616737408324,-3.20605411395981,904.030175533373
-0.916375036399301,-3.8923664990164,810.63344141598
-3.10535725545502,-3.17496140479268,988.49205369306
-1.39924974129354,-2.55838193054391,774.876477442946
-1.42159537718296,-3.3993459050307,808.9727903268
-3.06418211580359,-2.55313297337793,900.211382939266
-0.359531619436974,-2.55171321981412,621.834976343967
-1.28613982879999,-3.97001957932644,724.554903193217
-2.01214711934051,-3.31703261679652,766.967864714811
-0.560002642452603,-2.80580539804816,446.484441174181
-1.4011625754622,-2.55828445027416,415.987924131105
-3.05595104970997,-1.8098430513096,608.447887771686
-2.6996255921303,-2.09152095621803,487.400578017065
-3.95104621105549,-2.31113878488653,929.785519737847
-0.613215754796619,-3.14617005920346,290.654423073876
-1.636797796755,-2.02361736721275,309.162998233155
-4.08498671936767,-2.00827219256226,689.347853981702
-1.51413913947217,-2.19924751431827,314.347827513285
-1.04898853046374,-2.99715978939478,359.578356237164
0.600586281241357,-1.6724942253852,219.035639126816
1.56666174770924,-2.65528083260504,199.647179775862
1.15790377524125,-2.18144432699359,189.889357367818
0.488065928152747,-2.69631942930797,228.62197372141
1.66503560363174,-2.54769526222669,214.433793382394
1.83656788133432,-2.02182458399778,207.18345725792
1.96157604128674,-1.89273742645566,218.822153601288
3.17954460330378,-1.37731383763019,201.890067085518
0.346402304319401,-2.58394427088822,238.87277152113
2.30429272137273,-2.2467890103341,218.844616970921
3.13013204236118,-1.94249259372647,226.099475363741
3.8600255110394,-1.56472125700593,235.839896249858
1.39513652593816,-0.897539695602461,254.912627407256
3.66060695901103,-1.44336750506186,261.71313398227
0.973632035029536,-1.06383079976914,284.417144363364
0.283684394337586,0.221188921349551,291.976090656826
-1.49252947191656,0.159540191435115,320.638835286373
-0.864544492627922,-0.555060445817547,338.368693083967
1.32202104651032,-0.0128742721554743,342.534874521212
-0.269964838895732,0.382988178713414,372.489281488807
1.47179626159847,-2.55675798371553,642.823871067443
2.19578545704196,-3.09137411169452,631.695489238262
1.8649906395383,-3.38466244397577,671.57216303717
0.434167457782983,-3.74322536321607,722.394492804916
-0.0915586835037036,-3.81395104669723,765.77631783156
-0.725380481355575,-3.64179625110347,810.681745885699
-1.5423250074212,-3.66134127647961,862.131099555351
1.14938749776103,-3.56405853741867,676.539692111202
0.763374184905652,-3.59067255565877,689.284017633772
1.15357862525587,-3.3017238815776,583.905410387123
0.377853155469496,-3.51605354069928,645.514425282575
0.880375059542216,-3.53211403536618,625.835168786149
0.531486372196574,-3.58730815773226,615.165359282442
-0.645107954025209,-2.60258309072547,385.01026128743
-1.47339339516659,-2.72461985110517,467.65724864488
0.592665867788514,-2.94092383257531,355.728757300388
-0.0912655647702238,-2.94757015634634,391.258609211795
0.563404675153476,-1.83028034716744,254.839497242169
0.0667683554524052,-1.92194965607114,267.225259566085
4.21333559929682,-1.53278345060578,154.076072483906
3.26708378725252,-1.98761070822672,177.50517721236
1.16316410543644,-2.46107284518368,230.586132507841
0.374842898008351,-2.62123004618412,254.248505405137
0.541042778940367,-2.43208263904304,205.260536166259
0.061059811599233,-2.42096559461995,205.333791651968
-0.0406713170572972,-0.963892852017343,269.42735050064
-0.937654489946369,-1.02512950494524,320.393917790514
1.86048207155939,-1.40137049967951,181.295523054006
1.04690174937444,-1.32984390883644,196.293862791313
1.34460304481001,-0.814857038459278,192.771550881826
1.45774628052205,-0.494386959775585,188.192609267732
1.38331304935967,0.100958286295634,191.627053841728
1.00155434866293,0.177844675882395,201.736601346771
-0.356907364071094,-1.73598126356101,238.773470532486
-0.524505888806435,-1.43955415294519,243.139042619256
0.123449236939994,-0.32391463256243,232.445259669501
-0.504580356606916,-0.311141492131032,249.820392773206
1.10220082796651,-0.326233342973974,248.362506920226
0.701706795153822,-0.171422540145678,262.401346542874
1.20921721106047,0.858530358844979,282.122522921743
0.733873385490787,0.880377160214189,300.140611861974
3.80078741216852,-0.825078122451506,299.989328861968
3.42848371375512,-0.940986453587398,317.875060375484
3.13107813883222,-1.58164087087026,339.542419514013
2.7401924822258,-1.66584655025977,359.191451468496
2.39202004100382,-1.78901778064586,379.879128145982
1.93678955340195,-1.8498082146804,402.069280783321
-0.678520536995751,-3.68663353764484,550.656466504012
-1.24540504240936,-3.57471908194411,559.533350320311
-0.797896982885456,-3.35537341559327,427.650522033636
-1.35595818936684,-3.25766053210156,443.689342631327
-1.06946615331761,-3.76709387016847,360.291766717167
-1.71289565149862,-3.52223664576136,367.647930064359
-2.19882737019591,-4.04041977081048,564.705637139474
-1.25647678139811,-3.75353985489104,338.61418145424
-1.96330276084086,-3.66020064065308,358.426558093401
-0.427396353526696,-2.4641427422542,228.994172020042
-1.13545818591373,-2.29724538646446,244.589852106812
-0.405267251458442,-2.93646367529047,259.212087199651
-1.00377321055634,-2.76663187320807,271.063362537586
-1.17695849636513,-2.84006255020435,362.214235593364
-2.3959431214459,-2.7676984338551,362.943135797318
-3.02453450744721,-2.52400861744421,384.309413080087
-1.22987162199208,-2.56666679182237,293.543762260804
-1.64153907258556,-2.26273515101682,301.586681828779
0.875472674987277,-1.21497559671804,258.336616860308
1.3983426300346,-1.87771001532311,282.246316971808
0.747226307980801,-1.95258565618719,301.690028362034
-3.20143490143571,-1.21340625400068,368.345134062628
-3.06546702987702,-1.01524500934235,365.302481015553
-2.43846218617829,-1.68964805989454,367.109205416901
-2.76408270507663,-1.41379712652516,383.815493058444
-0.659006646999459,-0.918994583696762,384.167695234377
-0.832921882648639,-1.14811504521461,401.313857844605
-1.18049039046273,-1.00597058956229,423.296151737597
-0.819005266116561,-2.19087569571586,454.834776842632
-1.26172484084274,-1.98774191424549,479.61849721352
-4.3182200439238,-0.205505897253886,561.124361172048
-1.53094228356064,-0.738411270079688,514.198824404581
-1.74682052870614,-0.610000609453105,543.302942228758
-1.34742691871633,-0.644427337209075,577.354635580331
-1.6877303787232,-0.520595469330812,611.131865189913
-0.642671267797573,-1.8228736809149,641.077073606534
-0.866093912246954,-1.97171172355843,677.018737471348
-2.27640583879249,-1.03405264477742,725.636949266045
4.49266121415697,-2.08653593219492,480.01051895313
5.83793732015462,-1.57211303319288,410.835330283007
5.78594733422304,-1.76191882545711,360.117216475627
4.90363478000702,-1.89407293040501,392.404649478595
5.78575149175386,-1.63098355225712,383.578431069283
5.83441671076128,-1.02383050710194,358.094193797134
4.91342425790307,-2.43395341662915,456.378972409395
4.75915466444093,-2.36747815857349,453.657641500599
4.65717120789158,-1.9850342596183,426.561230644468
4.68803395415135,-2.75688695371044,285.822352364817
4.78157146605651,-1.36281898986538,181.634990785519
5.51005710269991,-1.61730957583362,184.34886536488
5.52759034662214,-1.10067362614064,153.656037264473
4.86296623715575,-0.633498589096926,159.341278937056
4.39461068839083,-0.960219771020938,146.32623171179
4.93429724304333,-0.47770032023694,128.292067955077
4.35895135767427,-0.479363773383263,126.343512213326
5.35025079049847,0.525290189205566,117.467529749315
4.05122781086202,-1.12729253537535,160.591773699789
5.76102229216393,-0.151962455423602,117.971454033168
4.85898887619449,-0.482244785297492,125.858790873848
5.22568864470945,0.0811494014180739,154.148037993194
5.34919675261183,-0.694862016539845,137.144773728051
5.9088695064034,-0.0307964690136825,134.56159599839
5.72363343906509,0.452004965744957,135.109524140593
4.9502108429098,0.0891619853778226,145.190022967947
4.34592075696749,-0.945881032997641,184.448408354883
5.2250823400008,-0.697344497447959,165.043330634025
5.14102075363456,-0.0779679359893622,167.815215292343
6.30177373145084,0.286607890696984,167.532981653568
5.95831361525897,0.47613927468951,175.885664276006
4.14795312771803,-0.401643426045306,189.819305265894
4.8834362028948,-1.51938214961698,201.759954358272
4.47414922088441,-0.807022371034729,214.680379639552
4.47770278730001,-1.23586499646803,225.859270568614
4.93751756771138,-1.03924572380654,234.140506707354
3.5973740788259,-1.63098430898085,250.237786420772
4.10788024447448,-0.894242651225555,257.398344992575
5.2868416811643,-0.464394701497636,268.827350597777
3.57689204208687,-1.29886383334539,287.908012416392
2.07995076006978,-0.867360400742969,305.603486460414
3.31552827159299,-1.49269714657442,321.567861189269
2.05586840560374,-1.22584214192061,338.245078877748
1.92703085127783,-1.93905223820637,362.198737066051
1.3870341861918,-1.95391301330444,383.538212486717
0.885258155359866,-1.90368005712631,405.782142293464
4.9114613653817,0.559560416680823,335.408342452098
4.58745896719286,0.246109445058739,353.806367796247
4.55376972138247,-0.696192667159678,406.12924893227
5.82209996085395,-0.692983679562286,424.28134562925
5.47393003620992,-1.42340009473234,455.122804993133
4.57148139993284,-2.19308605499691,504.749989481018
4.93192958319403,-1.56363698771377,477.125016442063
5.10014523139202,-1.28141813692993,454.469403506659
5.35708069210262,-1.76515922867579,467.076075199051
4.45990791079284,-2.63186646312211,515.516454101941
4.84964520767463,-2.19479855830889,497.593704040737
4.78184312838464,-1.2794687876882,454.103362934624
6.15520981235093,0.211508850375751,377.714412761098
6.49291794934218,0.338766979448744,362.658731736933
6.29821090804427,1.39489408168742,295.76150730018
6.29549415005019,0.801921052106629,260.804896993886
6.1226784381637,0.197853450310363,341.235336034017
6.52604111707953,1.19479337444059,240.027471788055
5.96550602474355,1.83409010137225,232.736316224231
6.83264843663431,2.35209250982678,154.247467375739
7.0671431815109,0.807198224817673,138.038549024386
7.06548804277558,1.89839118775462,128.457039668777
7.40139099919102,2.67013206263444,113.424724815933
7.18134294196872,3.42627156005746,88.1704870502799
7.28254519670787,2.16750624988008,98.5561433606735
7.41229354046887,2.99362266922357,101.630095784377
7.1266907231412,2.33700762852427,102.207639470206
7.30638653631633,2.73126107647219,105.380327949794
7.22347955372235,2.64726438220465,103.874994130143
7.53085622397958,2.20049528168392,112.199874261736
7.07724878146339,1.92380620239624,114.476342368971
6.59935302679897,1.87250766636826,134.303299764377
6.3379963583239,1.18255964955564,125.910653508807
7.23984646008769,2.80463978779766,124.371754957428
7.17829467992633,2.78991069107795,127.195782912983
6.81932841074792,1.40535827127442,140.908485654582
7.36047920700709,2.95873797649701,140.789095766062
7.41145465369986,2.76992841633973,149.413476198233
7.27987495079198,1.98440907386593,159.379976889429
7.1782327039105,3.37350114850935,161.475412523502
7.26922967220616,2.40497688804221,173.707895658508
7.19917647624535,2.11922669780936,182.637353609555
7.30315633848354,2.63566025153697,191.645281496201
7.20832146495045,1.74185269844418,205.206683971249
6.5549659330426,1.27996892742158,216.043692916912
6.93070137850932,1.08511923592112,228.162966021548
6.91475499241191,1.37757993502945,238.385325963289
7.11052933256147,1.82054939654719,251.193298039695
6.89055453075798,1.30005701919747,267.35894827139
4.387924712306,0.784478105625795,357.224489229295
4.11221343130979,0.567737105383962,378.915719245887
4.01285749833346,0.206859365295359,400.341044395067
3.63497177615879,-0.134351460596285,424.637972442212
5.20635958439467,1.50783286822026,338.266081993802
5.04217691555624,1.29567179252254,364.828147989126
4.9701915700599,-0.0468088018339982,398.059189026183
4.72312526615393,-0.13755884739841,405.03691258974
5.447407180577,0.590980786981675,363.84496581243
5.27374430167287,0.0693748099900248,384.774559295256
6.36492984457704,1.71732640326731,306.479189706801
6.11057111685244,1.24393172321565,320.185893285636
6.67227727932058,1.89356290185896,173.914627012071
6.37128438224065,1.37476325788519,174.660072055278
6.26540891322864,1.86800459061618,185.667774010207
6.28773381919094,1.60979328849593,189.496155328511
5.15405129656314,-1.30295397148007,280.220536518557
4.99449745080618,-1.72466373491315,254.996127863308
6.26188644544103,0.720782900824816,177.320938604934
5.99778458077549,0.328035905460931,201.534692870245
5.9344790140538,-0.66001019404187,142.847971934466
5.67094071547497,-1.11273282069638,142.255915049255
6.52541692404934,0.478978767379591,118.015942336488
6.39309418433722,-0.117281378433509,120.532585092434
6.26420560380888,0.191734641525024,130.673188377792
6.10269646271887,-0.195398313203234,131.556029552186
7.11072281288275,1.03458866981864,118.645611268157
6.73612045926979,0.373237811611292,130.997344522486
4.97574561158113,-0.87149563492805,168.849305478339
4.2941087263559,-1.32617748666224,190.316303618072
6.83812473182957,1.41613264220785,128.549906898921
6.69719343490881,0.779284353175366,136.11049798649
6.55877917071825,1.88293483991972,137.220383872499
6.40347186515743,1.79775919769097,142.151615684658
6.71796625498286,2.25419362211915,139.616576286922
6.64408159584936,2.12142601860788,146.514772970289
7.00753159059483,1.9862736687228,156.487360794218
6.88022631591439,1.83366107575225,164.445273617585
6.49661441796395,1.89332497651785,173.127855370985
6.27907390716225,1.51730039781485,182.559154836446
5.91954463368859,1.12274912266836,193.966430271717
5.76964792743586,0.833801023112554,204.039414730141
3.9701809049962,0.25840620972069,445.12661675547
3.82115808039221,-0.233132748119392,473.403199011872
4.54215501802375,-0.938939652738243,409.206639068611
5.64147614960793,-0.616564841213785,415.56597745951
5.02644254199058,-0.258493870515207,406.10328272196
4.20044049190408,-0.830945131958504,409.074178024791
4.54637722332347,-0.864505172509956,407.930434925161
2.69142082902725,-0.522149320233836,523.161976107422
3.89371341576628,-0.180690968371106,437.596832760707
3.73346577999962,-1.26197961301218,537.178568714139
4.26235247773587,-0.788190748615044,482.871232302613
4.55024980751957,-0.639485332678206,439.501009829081
5.19950696055398,-0.0444412528050057,405.392292005512
4.70647994486522,1.04255209755684,371.329899170436
4.1466240698586,-0.505938298640114,407.253583100845
4.04078911019623,-0.637115367308147,449.38212459867
3.96293840651707,0.419262440292882,372.204111931487
5.00525116355253,0.0892229363279521,344.404843567165
4.94137700977959,0.331194797540797,298.213117142932
3.86985780652703,-0.190484077123366,343.155635490775
6.18938330838874,1.55998650453539,212.77360214195
5.7519884837992,0.479070821762022,196.90376549578
5.59808246185622,1.16573915687283,256.154244342906
5.50492580655979,-0.341582593019894,216.781375063202
5.9696246455566,0.615244218116177,204.082710133463
6.82902234920437,2.46721681915377,101.895694505871
5.82079322916008,0.991069881414818,126.560265372886
6.61060422015767,2.03612441658268,103.314097373315
5.93748452438991,1.73301715647343,109.352258354168
6.74058604141646,1.41790544212573,114.151035747624
6.40603745240693,1.26823888149075,123.918960928626
6.78342527542071,2.23699182852495,116.416803689923
6.89098727872837,2.89093049276991,113.550364931738
5.72655049662214,1.44998089760124,150.312872381164
6.31540649604811,1.70841619257257,128.675445798409
6.51829507408549,0.472360788122566,126.343266327078
6.8768344041377,1.85663001458015,125.054852576657
7.21322524110803,2.3459970731891,131.146344793917
7.05636270266731,1.60404841118519,139.882590376079
6.84132284624315,1.18557562531931,147.605197466809
